지원연월,시도명,업종,지원금액
2012-01,강원도,제약및의료,127086050.0
2012-01,경기도,가정용전기전자,1016089480.0
2012-01,경기도,가정용품,3899246400.0
2012-01,경기도,산업기기,160000000.0
2012-01,경기도,서비스,11076132480.0
2012-01,경기도,식품,1426124000.0
2012-01,경기도,음료및기호식품,1500984660.0
2012-01,경기도,정밀기기및사무기기,781256420.0
2012-01,경기도,패션,140928480.0
2012-01,경기도,화장품및보건용품,786534840.0
2012-01,경상남도,수송기기,6370929740.0
2012-01,경상북도,서비스,654020640.0
2012-01,경상북도,화학공업,93535680.0
2012-01,대구광역시,교육및복지후생,4876200.0
2012-01,대구광역시,서비스,2116800.0
2012-01,대구광역시,수송기기,84157010.0
2012-01,대구광역시,음료및기호식품,309459360.0
2012-01,대구광역시,제약및의료,66955350.0
2012-01,대전광역시,유통,140313600.0
2012-01,대전광역시,음료및기호식품,125590920.0
2012-01,부산광역시,식품,621242000.0
2012-01,서울특별시,가정용전기전자,368646110.0
2012-01,서울특별시,가정용품,1611973440.0
2012-01,서울특별시,교육및복지후생,1074756900.0
2012-01,서울특별시,그룹및기업광고,219765700.0
2012-01,서울특별시,서비스,28801408440.0
2012-01,서울특별시,유통,327400920.0
2012-01,서울특별시,음료및기호식품,125590920.0
2012-01,서울특별시,출판,90137460.0
2012-01,서울특별시,컴퓨터및정보통신,229013120.0
2012-01,서울특별시,패션,651651000.0
2012-01,서울특별시,화장품및보건용품,10968992580.0
2012-01,인천광역시,가정용전기전자,275360400.0
2012-01,인천광역시,산업기기,485038400.0
2012-01,인천광역시,서비스,112425600.0
2012-01,인천광역시,유통,222329520.0
2012-01,인천광역시,패션,98678580.0
2012-01,전라남도,식품,5613020000.0
2012-01,전라북도,식품,167300000.0
2012-01,충청북도,식품,375984000.0
2012-02,강원도,가정용품,235085760.0
2012-02,강원도,제약및의료,118886950.0
2012-02,경기도,가정용전기전자,950535320.0
2012-02,경기도,가정용품,3530217600.0
2012-02,경기도,서비스,12123636840.0
2012-02,경기도,식품,1334116000.0
2012-02,경기도,음료및기호식품,1084568940.0
2012-02,경기도,정밀기기및사무기기,83307140.0
2012-02,경기도,패션,131836320.0
2012-02,경기도,화장품및보건용품,741031200.0
2012-02,경상남도,수송기기,4699535260.0
2012-02,경상북도,화학공업,87501120.0
2012-02,대구광역시,수송기기,147614460.0
2012-02,대구광역시,음료및기호식품,289494240.0
2012-02,대구광역시,제약및의료,62635650.0
2012-02,대전광역시,유통,131526360.0
2012-02,대전광역시,음료및기호식품,117488280.0
2012-02,부산광역시,식품,277930000.0
2012-02,서울특별시,가정용전기전자,344862490.0
2012-02,서울특별시,가정용품,1636407360.0
2012-02,서울특별시,교육및복지후생,1040178300.0
2012-02,서울특별시,그룹및기업광고,225071000.0
2012-02,서울특별시,서비스,18672816120.0
2012-02,서울특별시,유통,4124736000.0
2012-02,서울특별시,음료및기호식품,117488280.0
2012-02,서울특별시,출판,84322140.0
2012-02,서울특별시,컴퓨터및정보통신,1712781280.0
2012-02,서울특별시,패션,609609000.0
2012-02,서울특별시,화장품및보건용품,10213132020.0
2012-02,인천광역시,가정용전기전자,244764800.0
2012-02,인천광역시,산업기기,140649600.0
2012-02,인천광역시,서비스,117012000.0
2012-02,인천광역시,유통,207985680.0
2012-02,인천광역시,정밀기기및사무기기,136821440.0
2012-02,인천광역시,패션,92312220.0
2012-02,전라남도,식품,5053860000.0
2012-02,전라북도,식품,133840000.0
2012-02,충청북도,식품,346976000.0
2012-03,강원도,제약및의료,127086050.0
2012-03,경기도,가정용전기전자,841667120.0
2012-03,경기도,가정용품,3899246400.0
2012-03,경기도,서비스,12456827040.0
2012-03,경기도,식품,1627094000.0
2012-03,경기도,음료및기호식품,1240618260.0
2012-03,경기도,정밀기기및사무기기,50834420.0
2012-03,경기도,화장품및보건용품,792136800.0
2012-03,경상남도,수송기기,4554844840.0
2012-03,경상북도,화학공업,93535680.0
2012-03,대구광역시,교육및복지후생,22310400.0
2012-03,대구광역시,수송기기,198384550.0
2012-03,대구광역시,음료및기호식품,305375700.0
2012-03,대구광역시,제약및의료,66955350.0
2012-03,대전광역시,유통,388735200.0
2012-03,부산광역시,식품,259160000.0
2012-03,서울특별시,가정용전기전자,368646110.0
2012-03,서울특별시,가정용품,1933616160.0
2012-03,서울특별시,교육및복지후생,724518900.0
2012-03,서울특별시,그룹및기업광고,221174800.0
2012-03,서울특별시,서비스,10105754400.0
2012-03,서울특별시,유통,5515801200.0
2012-03,서울특별시,출판,154428050.0
2012-03,서울특별시,컴퓨터및정보통신,3163267520.0
2012-03,서울특별시,패션,953129100.0
2012-03,서울특별시,화장품및보건용품,10455479580.0
2012-03,인천광역시,가정용전기전자,244764800.0
2012-03,인천광역시,산업기기,85411200.0
2012-03,인천광역시,서비스,148999200.0
2012-03,인천광역시,유통,222329520.0
2012-03,인천광역시,정밀기기및사무기기,148888040.0
2012-03,인천광역시,패션,98678580.0
2012-03,전라남도,식품,5225402000.0
2012-03,전라북도,식품,383600000.0
2012-03,충청북도,식품,1603343000.0
2012-04,강원도,제약및의료,122986500.0
2012-04,경기도,가정용전기전자,720231400.0
2012-04,경기도,가정용품,4706591040.0
2012-04,경기도,서비스,2257390800.0
2012-04,경기도,식품,783132000.0
2012-04,경기도,음료및기호식품,1268962800.0
2012-04,경기도,정밀기기및사무기기,1170174600.0
2012-04,경기도,화장품및보건용품,882456120.0
2012-04,경기도,화학공업,54250560.0
2012-04,경상남도,수송기기,4336830400.0
2012-04,경상북도,화학공업,90518400.0
2012-04,대구광역시,교육및복지후생,41832000.0
2012-04,대구광역시,수송기기,206132430.0
2012-04,대구광역시,음료및기호식품,299476800.0
2012-04,대전광역시,유통,376011720.0
2012-04,부산광역시,식품,954650000.0
2012-04,부산광역시,유통,145584000.0
2012-04,서울특별시,가정용전기전자,353379180.0
2012-04,서울특별시,가정용품,1277791200.0
2012-04,서울특별시,교육및복지후생,960288000.0
2012-04,서울특별시,서비스,9020718000.0
2012-04,서울특별시,유통,5915755440.0
2012-04,서울특별시,출판,149446500.0
2012-04,서울특별시,컴퓨터및정보통신,3163410320.0
2012-04,서울특별시,패션,1003422420.0
2012-04,서울특별시,화장품및보건용품,10299580200.0
2012-04,인천광역시,가정용전기전자,305956000.0
2012-04,인천광역시,산업기기,79900800.0
2012-04,인천광역시,서비스,413364000.0
2012-04,인천광역시,정밀기기및사무기기,144085200.0
2012-04,인천광역시,패션,95495400.0
2012-04,전라남도,식품,9365874000.0
2012-04,전라북도,식품,417060000.0
2012-04,충청북도,식품,1456532000.0
2012-05,강원도,제약및의료,127086050.0
2012-05,경기도,가정용전기전자,596854300.0
2012-05,경기도,가정용품,5849819280.0
2012-05,경기도,서비스,2361172800.0
2012-05,경기도,식품,1598373000.0
2012-05,경기도,음료및기호식품,1407871920.0
2012-05,경기도,정밀기기및사무기기,1134189000.0
2012-05,경기도,화장품및보건용품,1466195640.0
2012-05,경상남도,수송기기,4853708160.0
2012-05,경상북도,화학공업,93535680.0
2012-05,대구광역시,교육및복지후생,43226400.0
2012-05,대구광역시,수송기기,219571450.0
2012-05,대구광역시,음료및기호식품,294864780.0
2012-05,대전광역시,유통,429443280.0
2012-05,부산광역시,식품,1210090000.0
2012-05,부산광역시,유통,122061600.0
2012-05,서울특별시,가정용전기전자,368646110.0
2012-05,서울특별시,가정용품,1489390560.0
2012-05,서울특별시,교육및복지후생,1057746900.0
2012-05,서울특별시,서비스,24036444600.0
2012-05,서울특별시,유통,6710432760.0
2012-05,서울특별시,출판,168891100.0
2012-05,서울특별시,컴퓨터및정보통신,1150325400.0
2012-05,서울특별시,패션,970029060.0
2012-05,서울특별시,화장품및보건용품,12827958780.0
2012-05,인천광역시,가정용전기전자,214169200.0
2012-05,인천광역시,산업기기,85411200.0
2012-05,인천광역시,서비스,330691200.0
2012-05,인천광역시,정밀기기및사무기기,146427120.0
2012-05,인천광역시,패션,98678580.0
2012-05,전라남도,식품,9758945000.0
2012-05,전라북도,식품,446040000.0
2012-05,충청북도,가정용품,3943800000.0
2012-05,충청북도,식품,1133223000.0
2012-06,강원도,제약및의료,122986500.0
2012-06,경기도,가정용전기전자,416621520.0
2012-06,경기도,가정용품,3727389600.0
2012-06,경기도,서비스,11761605240.0
2012-06,경기도,식품,1519266000.0
2012-06,경기도,음료및기호식품,232260000.0
2012-06,경기도,화장품및보건용품,1966484520.0
2012-06,경상남도,수송기기,4935696920.0
2012-06,경상북도,화학공업,90518400.0
2012-06,대구광역시,교육및복지후생,41832000.0
2012-06,대구광역시,수송기기,244182120.0
2012-06,대구광역시,음료및기호식품,280874160.0
2012-06,대전광역시,유통,414794520.0
2012-06,부산광역시,식품,845040000.0
2012-06,부산광역시,유통,138456000.0
2012-06,서울특별시,가정용전기전자,326398800.0
2012-06,서울특별시,가정용품,1382270400.0
2012-06,서울특별시,"건설,건재및부동산",225701700.0
2012-06,서울특별시,교육및복지후생,973933800.0
2012-06,서울특별시,서비스,20226498600.0
2012-06,서울특별시,유통,6752232000.0
2012-06,서울특별시,출판,1453920300.0
2012-06,서울특별시,컴퓨터및정보통신,1117981200.0
2012-06,서울특별시,패션,937060740.0
2012-06,서울특별시,화장품및보건용품,12010689600.0
2012-06,인천광역시,가정용전기전자,244764800.0
2012-06,인천광역시,산업기기,130603200.0
2012-06,인천광역시,서비스,330691200.0
2012-06,인천광역시,정밀기기및사무기기,144085200.0
2012-06,인천광역시,패션,95495400.0
2012-06,전라남도,식품,9510403000.0
2012-06,전라북도,식품,383600000.0
2012-06,충청북도,가정용품,3368887200.0
2012-06,충청북도,식품,1148070000.0
2012-07,강원도,제약및의료,457989350.0
2012-07,경기도,가정용전기전자,417149740.0
2012-07,경기도,가정용품,3261701520.0
2012-07,경기도,서비스,11893152600.0
2012-07,경기도,식품,1585815000.0
2012-07,경기도,음료및기호식품,411923400.0
2012-07,경기도,화장품및보건용품,1289846220.0
2012-07,경상남도,수송기기,4435752160.0
2012-07,경상북도,화학공업,93535680.0
2012-07,대구광역시,수송기기,254304750.0
2012-07,대구광역시,음료및기호식품,300371400.0
2012-07,대전광역시,유통,464744880.0
2012-07,부산광역시,식품,1077440000.0
2012-07,부산광역시,유통,79012800.0
2012-07,서울특별시,가정용전기전자,337278760.0
2012-07,서울특별시,가정용품,2222937360.0
2012-07,서울특별시,"건설,건재및부동산",233225090.0
2012-07,서울특별시,교육및복지후생,1024518900.0
2012-07,서울특별시,서비스,8909650680.0
2012-07,서울특별시,유통,8051022360.0
2012-07,서울특별시,출판,407108520.0
2012-07,서울특별시,컴퓨터및정보통신,779012080.0
2012-07,서울특별시,패션,968352000.0
2012-07,서울특별시,화장품및보건용품,10961572440.0
2012-07,인천광역시,산업기기,135626400.0
2012-07,인천광역시,정밀기기및사무기기,143966200.0
2012-07,인천광역시,패션,98678580.0
2012-07,전라남도,식품,7016748000.0
2012-07,전라북도,식품,417060000.0
2012-07,충청북도,가정용품,3314304000.0
2012-07,충청북도,식품,997640000.0
2012-08,강원도,제약및의료,512402100.0
2012-08,경기도,가정용품,2542039920.0
2012-08,경기도,산업기기,160000000.0
2012-08,경기도,서비스,10366206480.0
2012-08,경기도,식품,4260900000.0
2012-08,경기도,음료및기호식품,384258000.0
2012-08,경기도,화장품및보건용품,1291215120.0
2012-08,경상남도,수송기기,2654797040.0
2012-08,경상남도,유통,1374806160.0
2012-08,경상북도,화학공업,93535680.0
2012-08,대구광역시,수송기기,254907730.0
2012-08,대구광역시,음료및기호식품,309579480.0
2012-08,대전광역시,유통,422405640.0
2012-08,부산광역시,식품,999880000.0
2012-08,부산광역시,유통,79012800.0
2012-08,서울특별시,가정용전기전자,337278760.0
2012-08,서울특별시,가정용품,1419405120.0
2012-08,서울특별시,"건설,건재및부동산",233225090.0
2012-08,서울특별시,교육및복지후생,877350900.0
2012-08,서울특별시,서비스,8811113640.0
2012-08,서울특별시,유통,6340840920.0
2012-08,서울특별시,출판,146496700.0
2012-08,서울특별시,컴퓨터및정보통신,944088880.0
2012-08,서울특별시,패션,1012708620.0
2012-08,서울특별시,화장품및보건용품,10241660520.0
2012-08,인천광역시,산업기기,135626400.0
2012-08,인천광역시,정밀기기및사무기기,148888040.0
2012-08,인천광역시,패션,98678580.0
2012-08,전라남도,식품,6208071000.0
2012-08,충청북도,식품,421197000.0
2012-09,강원도,제약및의료,495873000.0
2012-09,경기도,가정용품,3229027200.0
2012-09,경기도,산업기기,160000000.0
2012-09,경기도,서비스,922059600.0
2012-09,경기도,식품,3974950000.0
2012-09,경기도,음료및기호식품,353858400.0
2012-09,경기도,화장품및보건용품,1255398300.0
2012-09,경상남도,수송기기,2495007340.0
2012-09,경상남도,유통,1332351720.0
2012-09,경상북도,화학공업,90237280.0
2012-09,대구광역시,서비스,2116800.0
2012-09,대구광역시,음료및기호식품,290682000.0
2012-09,대전광역시,유통,212207760.0
2012-09,부산광역시,식품,876750000.0
2012-09,부산광역시,유통,76464000.0
2012-09,서울특별시,가정용전기전자,421643040.0
2012-09,서울특별시,가정용품,1396281600.0
2012-09,서울특별시,"건설,건재및부동산",225701700.0
2012-09,서울특별시,교육및복지후생,220479000.0
2012-09,서울특별시,서비스,8090313840.0
2012-09,서울특별시,유통,6850024560.0
2012-09,서울특별시,출판,141771000.0
2012-09,서울특별시,컴퓨터및정보통신,913634400.0
2012-09,서울특별시,패션,980040600.0
2012-09,서울특별시,화장품및보건용품,6256362840.0
2012-09,서울특별시,화학공업,1321924800.0
2012-09,울산광역시,서비스,1313509680.0
2012-09,인천광역시,산업기기,135626400.0
2012-09,인천광역시,정밀기기및사무기기,144085200.0
2012-09,인천광역시,패션,95495400.0
2012-09,전라남도,식품,6220504000.0
2012-09,충청북도,식품,408702000.0
2012-10,강원도,제약및의료,512402100.0
2012-10,경기도,가정용전기전자,458618440.0
2012-10,경기도,가정용품,2180525760.0
2012-10,경기도,산업기기,160000000.0
2012-10,경기도,서비스,1042240920.0
2012-10,경기도,식품,4543140000.0
2012-10,경기도,음료및기호식품,411923400.0
2012-10,경기도,화장품및보건용품,1314030900.0
2012-10,경상남도,수송기기,2913450680.0
2012-10,경상남도,유통,1310105160.0
2012-10,경상북도,화학공업,93163840.0
2012-10,대구광역시,음료및기호식품,272670300.0
2012-10,부산광역시,식품,540960000.0
2012-10,서울특별시,가정용전기전자,338438100.0
2012-10,서울특별시,가정용품,1125260640.0
2012-10,서울특별시,"건설,건재및부동산",233225090.0
2012-10,서울특별시,교육및복지후생,231474600.0
2012-10,서울특별시,서비스,6091227240.0
2012-10,서울특별시,유통,8753728320.0
2012-10,서울특별시,출판,146496700.0
2012-10,서울특별시,컴퓨터및정보통신,1061808440.0
2012-10,서울특별시,패션,7292877900.0
2012-10,서울특별시,화장품및보건용품,14499947280.0
2012-10,서울특별시,화학공업,713606880.0
2012-10,울산광역시,서비스,1155502320.0
2012-10,인천광역시,산업기기,120556800.0
2012-10,인천광역시,유통,377937000.0
2012-10,인천광역시,정밀기기및사무기기,136583440.0
2012-10,인천광역시,패션,98678580.0
2012-10,전라남도,식품,6347656000.0
2012-10,전라북도,제약및의료,7915404000.0
2012-10,충청북도,식품,456771000.0
2012-11,경기도,가정용전기전자,513059400.0
2012-11,경기도,가정용품,2250551520.0
2012-11,경기도,산업기기,160000000.0
2012-11,경기도,서비스,922059600.0
2012-11,경기도,식품,4633160000.0
2012-11,경기도,음료및기호식품,384258000.0
2012-11,경기도,화장품및보건용품,1389220560.0
2012-11,경상남도,수송기기,1311853200.0
2012-11,경상남도,유통,100875600.0
2012-11,경상북도,화학공업,90518400.0
2012-11,대구광역시,음료및기호식품,275713200.0
2012-11,부산광역시,식품,561680000.0
2012-11,서울특별시,가정용전기전자,356898360.0
2012-11,서울특별시,가정용품,1136721600.0
2012-11,서울특별시,"건설,건재및부동산",225701700.0
2012-11,서울특별시,교육및복지후생,229446000.0
2012-11,서울특별시,서비스,6422136000.0
2012-11,서울특별시,유통,3658627440.0
2012-11,서울특별시,출판,230626200.0
2012-11,서울특별시,컴퓨터및정보통신,1142000160.0
2012-11,서울특별시,패션,7586271000.0
2012-11,서울특별시,화장품및보건용품,14241208800.0
2012-11,서울특별시,화학공업,720160000.0
2012-11,울산광역시,서비스,543312000.0
2012-11,인천광역시,가정용품,7184368800.0
2012-11,인천광역시,산업기기,145672800.0
2012-11,인천광역시,유통,396370800.0
2012-11,인천광역시,패션,95495400.0
2012-11,전라남도,식품,6396166000.0
2012-11,전라북도,제약및의료,7257929000.0
2012-11,충청북도,식품,481838000.0
2012-12,경기도,가정용전기전자,456900010.0
2012-12,경기도,가정용품,2812415760.0
2012-12,경기도,산업기기,160000000.0
2012-12,경기도,서비스,656278560.0
2012-12,경기도,식품,5081951000.0
2012-12,경기도,음료및기호식품,353858400.0
2012-12,경기도,화장품및보건용품,1323656880.0
2012-12,경상남도,수송기기,1266547100.0
2012-12,경상북도,화학공업,167350400.0
2012-12,대구광역시,음료및기호식품,1016049300.0
2012-12,부산광역시,식품,629440000.0
2012-12,서울특별시,가정용전기전자,205882320.0
2012-12,서울특별시,가정용품,1129630320.0
2012-12,서울특별시,"건설,건재및부동산",467569900.0
2012-12,서울특별시,교육및복지후생,193248300.0
2012-12,서울특별시,서비스,9406230120.0
2012-12,서울특별시,유통,3771450360.0
2012-12,서울특별시,출판,233792720.0
2012-12,서울특별시,컴퓨터및정보통신,853353760.0
2012-12,서울특별시,패션,10417060500.0
2012-12,서울특별시,화장품및보건용품,12182155440.0
2012-12,서울특별시,화학공업,226486400.0
2012-12,울산광역시,서비스,469623840.0
2012-12,인천광역시,가정용품,12890959200.0
2012-12,인천광역시,산업기기,155719200.0
2012-12,인천광역시,유통,404147520.0
2012-12,인천광역시,패션,98678580.0
2012-12,전라남도,식품,6908083000.0
2012-12,전라북도,제약및의료,5827227700.0
2012-12,충청북도,식품,505827000.0
2013-01,경기도,가정용전기전자,508044740.0
2013-01,경기도,가정용품,5176659600.0
2013-01,경기도,산업기기,818638400.0
2013-01,경기도,서비스,838576200.0
2013-01,경기도,식품,4910521000.0
2013-01,경기도,음료및기호식품,442323000.0
2013-01,경기도,화장품및보건용품,1329029520.0
2013-01,경상남도,수송기기,1540820400.0
2013-01,경상북도,화학공업,167350400.0
2013-01,대구광역시,음료및기호식품,855645840.0
2013-01,부산광역시,식품,572320000.0
2013-01,서울특별시,가정용전기전자,209257440.0
2013-01,서울특별시,가정용품,1492656480.0
2013-01,서울특별시,"건설,건재및부동산",534796500.0
2013-01,서울특별시,서비스,9766062600.0
2013-01,서울특별시,유통,5043898080.0
2013-01,서울특별시,출판,238313740.0
2013-01,서울특별시,컴퓨터및정보통신,870604000.0
2013-01,서울특별시,패션,702207660.0
2013-01,서울특별시,화장품및보건용품,303652440.0
2013-01,서울특별시,화학공업,20160000.0
2013-01,울산광역시,서비스,547596000.0
2013-01,인천광역시,가정용품,13405341600.0
2013-01,인천광역시,유통,409583160.0
2013-01,인천광역시,패션,98678580.0
2013-01,전라남도,식품,4113305000.0
2013-01,전라북도,제약및의료,3912065500.0
2013-01,충청북도,식품,505827000.0
2013-02,경기도,가정용전기전자,455504000.0
2013-02,경기도,가정용품,4103346240.0
2013-02,경기도,산업기기,754899200.0
2013-02,경기도,서비스,697485600.0
2013-02,경기도,식품,4461618000.0
2013-02,경기도,유통,79085160.0
2013-02,경기도,음료및기호식품,353858400.0
2013-02,경기도,화장품및보건용품,316002960.0
2013-02,경상남도,수송기기,7877251070.0
2013-02,경상북도,화학공업,150411520.0
2013-02,대구광역시,음료및기호식품,844544400.0
2013-02,부산광역시,식품,530880000.0
2013-02,서울특별시,가정용전기전자,185631600.0
2013-02,서울특별시,가정용품,1343341440.0
2013-02,서울특별시,"건설,건재및부동산",361522000.0
2013-02,서울특별시,서비스,9200106720.0
2013-02,서울특별시,유통,3951064080.0
2013-02,서울특별시,출판,82931520.0
2013-02,서울특별시,컴퓨터및정보통신,1276232160.0
2013-02,서울특별시,패션,634252080.0
2013-02,서울특별시,화장품및보건용품,274266720.0
2013-02,서울특별시,화학공업,75510400.0
2013-02,울산광역시,서비스,422466240.0
2013-02,인천광역시,산업기기,140649600.0
2013-02,인천광역시,유통,369946080.0
2013-02,인천광역시,패션,89129040.0
2013-02,전라남도,식품,7175294000.0
2013-02,전라북도,제약및의료,1659574000.0
2013-02,충청북도,식품,456876000.0
2013-03,경기도,가정용전기전자,508044740.0
2013-03,경기도,가정용품,4526761680.0
2013-03,경기도,산업기기,818638400.0
2013-03,경기도,서비스,132335280.0
2013-03,경기도,수송기기,3162051900.0
2013-03,경기도,식품,4948783000.0
2013-03,경기도,유통,440450640.0
2013-03,경기도,음료및기호식품,353858400.0
2013-03,경기도,화장품및보건용품,349860420.0
2013-03,경상남도,산업기기,463400000.0
2013-03,경상남도,수송기기,8765764520.0
2013-03,경상남도,유통,439527240.0
2013-03,경상북도,화학공업,165341120.0
2013-03,대구광역시,기초재,66003000.0
2013-03,대구광역시,음료및기호식품,886601100.0
2013-03,부산광역시,식품,322560000.0
2013-03,서울특별시,가정용품,1308590640.0
2013-03,서울특별시,"건설,건재및부동산",283820810.0
2013-03,서울특별시,교육및복지후생,62832000.0
2013-03,서울특별시,서비스,9525729360.0
2013-03,서울특별시,유통,4240470960.0
2013-03,서울특별시,출판,91817040.0
2013-03,서울특별시,컴퓨터및정보통신,14047300600.0
2013-03,서울특별시,패션,2257447500.0
2013-03,서울특별시,화장품및보건용품,5082353640.0
2013-03,서울특별시,화학공업,96320000.0
2013-03,울산광역시,서비스,1184925840.0
2013-03,인천광역시,산업기기,150696000.0
2013-03,인천광역시,유통,400541400.0
2013-03,인천광역시,패션,690690000.0
2013-03,전라남도,식품,11263007000.0
2013-03,전라북도,식품,5965960000.0
2013-03,전라북도,제약및의료,1787023000.0
2013-03,충청북도,식품,496398000.0
2013-04,경기도,가정용전기전자,184602600.0
2013-04,경기도,가정용품,2896941600.0
2013-04,경기도,산업기기,522208000.0
2013-04,경기도,서비스,440506080.0
2013-04,경기도,수송기기,6167700700.0
2013-04,경기도,식품,5200468000.0
2013-04,경기도,유통,453678120.0
2013-04,경기도,음료및기호식품,353858400.0
2013-04,경기도,화장품및보건용품,338574600.0
2013-04,경상남도,산업기기,1022700000.0
2013-04,경상남도,수송기기,6921685890.0
2013-04,경상남도,유통,426600000.0
2013-04,경상북도,화학공업,159349120.0
2013-04,대구광역시,기초재,88596200.0
2013-04,부산광역시,식품,271040000.0
2013-04,서울특별시,가정용품,1438012800.0
2013-04,서울특별시,"건설,건재및부동산",278432700.0
2013-04,서울특별시,교육및복지후생,201180000.0
2013-04,서울특별시,서비스,6988597560.0
2013-04,서울특별시,유통,3674030400.0
2013-04,서울특별시,출판,88855200.0
2013-04,서울특별시,컴퓨터및정보통신,15803555640.0
2013-04,서울특별시,패션,2559942000.0
2013-04,서울특별시,화장품및보건용품,1192136400.0
2013-04,서울특별시,화학공업,83641600.0
2013-04,울산광역시,서비스,482218800.0
2013-04,인천광역시,산업기기,150696000.0
2013-04,인천광역시,패션,676035360.0
2013-04,전라남도,식품,11664072000.0
2013-04,전라북도,식품,5184900000.0
2013-04,전라북도,제약및의료,1274490000.0
2013-04,충청남도,식품,1576008000.0
2013-04,충청북도,식품,482482000.0
2013-05,경기도,가정용전기전자,5781992650.0
2013-05,경기도,가정용품,4072965120.0
2013-05,경기도,산업기기,4438759200.0
2013-05,경기도,서비스,311698800.0
2013-05,경기도,수송기기,5722734500.0
2013-05,경기도,식품,4702544000.0
2013-05,경기도,유통,483572880.0
2013-05,경기도,음료및기호식품,505568280.0
2013-05,경기도,제약및의료,799858500.0
2013-05,경기도,화장품및보건용품,408255120.0
2013-05,경상남도,산업기기,1015924000.0
2013-05,경상남도,수송기기,6952181810.0
2013-05,경상남도,유통,439527240.0
2013-05,경상북도,화학공업,72327360.0
2013-05,대구광역시,기초재,94179400.0
2013-05,부산광역시,식품,763084000.0
2013-05,서울특별시,가정용품,1570423680.0
2013-05,서울특별시,"건설,건재및부동산",623955290.0
2013-05,서울특별시,서비스,11729659200.0
2013-05,서울특별시,유통,4615008480.0
2013-05,서울특별시,출판,181301330.0
2013-05,서울특별시,컴퓨터및정보통신,14169075680.0
2013-05,서울특별시,패션,1626708600.0
2013-05,서울특별시,화장품및보건용품,1398546240.0
2013-05,서울특별시,화학공업,84896000.0
2013-05,울산광역시,서비스,502622400.0
2013-05,인천광역시,"건설,건재및부동산",255222380.0
2013-05,인천광역시,산업기기,140649600.0
2013-05,인천광역시,패션,699782160.0
2013-05,전라남도,서비스,7178627400.0
2013-05,전라남도,식품,11078032000.0
2013-05,전라북도,식품,4520824000.0
2013-05,전라북도,제약및의료,1316973000.0
2013-05,충청남도,식품,6377394000.0
2013-05,충청북도,식품,213528000.0
2013-06,경기도,가정용전기전자,4451855800.0
2013-06,경기도,가정용품,3931431840.0
2013-06,경기도,산업기기,5593736800.0
2013-06,경기도,서비스,429710400.0
2013-06,경기도,수송기기,36121416600.0
2013-06,경기도,식품,5621644000.0
2013-06,경기도,유통,336722400.0
2013-06,경기도,음료및기호식품,411923400.0
2013-06,경기도,제약및의료,735420000.0
2013-06,경기도,컴퓨터및정보통신,682298400.0
2013-06,경기도,화장품및보건용품,395085600.0
2013-06,경기도,화학공업,699126400.0
2013-06,경상남도,수송기기,883324400.0
2013-06,경상남도,유통,426600000.0
2013-06,경상북도,화학공업,81473280.0
2013-06,대구광역시,기초재,141067850.0
2013-06,대구광역시,서비스,75808320.0
2013-06,서울특별시,가정용품,1504853280.0
2013-06,서울특별시,"건설,건재및부동산",542934000.0
2013-06,서울특별시,서비스,10193703240.0
2013-06,서울특별시,유통,5467010400.0
2013-06,서울특별시,출판,236110420.0
2013-06,서울특별시,컴퓨터및정보통신,12190338920.0
2013-06,서울특별시,패션,1529088000.0
2013-06,서울특별시,화장품및보건용품,293857200.0
2013-06,서울특별시,화학공업,122068800.0
2013-06,인천광역시,산업기기,125580000.0
2013-06,인천광역시,패션,1101870000.0
2013-06,전라남도,식품,4015417000.0
2013-06,전라북도,식품,4055940000.0
2013-06,전라북도,제약및의료,1274490000.0
2013-06,충청남도,식품,6144852000.0
2013-06,충청북도,식품,206640000.0
2013-07,경기도,가정용전기전자,1791749680.0
2013-07,경기도,가정용품,3328400880.0
2013-07,경기도,산업기기,5781404000.0
2013-07,경기도,서비스,264670560.0
2013-07,경기도,수송기기,37266748200.0
2013-07,경기도,식품,6656335000.0
2013-07,경기도,유통,541918440.0
2013-07,경기도,음료및기호식품,353858400.0
2013-07,경기도,제약및의료,799858500.0
2013-07,경기도,컴퓨터및정보통신,705041680.0
2013-07,경기도,화장품및보건용품,1692600000.0
2013-07,경기도,화학공업,816478880.0
2013-07,경상남도,산업기기,706191600.0
2013-07,경상남도,수송기기,957664400.0
2013-07,경상남도,유통,440820000.0
2013-07,경상북도,화학공업,83482560.0
2013-07,대구광역시,기초재,397994100.0
2013-07,대구광역시,서비스,93201360.0
2013-07,대전광역시,식품,12424628000.0
2013-07,서울특별시,가정용품,1357655040.0
2013-07,서울특별시,"건설,건재및부동산",346121510.0
2013-07,서울특별시,서비스,11949805560.0
2013-07,서울특별시,유통,3170756160.0
2013-07,서울특별시,출판,341327980.0
2013-07,서울특별시,컴퓨터및정보통신,13255203960.0
2013-07,서울특별시,패션,1352089200.0
2013-07,서울특별시,화장품및보건용품,233240280.0
2013-07,서울특별시,화학공업,129654560.0
2013-07,울산광역시,서비스,117658800.0
2013-07,인천광역시,산업기기,145672800.0
2013-07,인천광역시,패션,1138599000.0
2013-07,전라남도,식품,363041000.0
2013-07,전라북도,식품,3617684000.0
2013-07,전라북도,제약및의료,1316973000.0
2013-07,충청남도,식품,4744054000.0
2013-07,충청북도,식품,213528000.0
2013-08,경기도,가정용전기전자,1456782740.0
2013-08,경기도,가정용품,899055360.0
2013-08,경기도,산업기기,1334281600.0
2013-08,경기도,서비스,264670560.0
2013-08,경기도,식품,7353283000.0
2013-08,경기도,유통,541918440.0
2013-08,경기도,음료및기호식품,384258000.0
2013-08,경기도,제약및의료,708002400.0
2013-08,경기도,컴퓨터및정보통신,705041680.0
2013-08,경기도,화장품및보건용품,1821237600.0
2013-08,경기도,화학공업,1309226080.0
2013-08,경상남도,산업기기,247977200.0
2013-08,경상남도,수송기기,1029815500.0
2013-08,경상북도,화학공업,80729600.0
2013-08,대구광역시,기초재,19063450.0
2013-08,대구광역시,서비스,89297040.0
2013-08,대전광역시,식품,2997227000.0
2013-08,서울특별시,가정용품,1410393600.0
2013-08,서울특별시,"건설,건재및부동산",338335550.0
2013-08,서울특별시,서비스,45343684680.0
2013-08,서울특별시,유통,5296255200.0
2013-08,서울특별시,출판,2635212860.0
2013-08,서울특별시,컴퓨터및정보통신,2801750280.0
2013-08,서울특별시,패션,1480266480.0
2013-08,서울특별시,화장품및보건용품,233240280.0
2013-08,서울특별시,화학공업,58086560.0
2013-08,울산광역시,서비스,125773200.0
2013-08,인천광역시,산업기기,135626400.0
2013-08,인천광역시,패션,1039920420.0
2013-08,전라남도,식품,363041000.0
2013-08,전라북도,식품,3352034000.0
2013-08,전라북도,제약및의료,1316973000.0
2013-08,충청남도,식품,1184386000.0
2013-08,충청북도,식품,213528000.0
2013-09,경기도,가정용전기전자,10713117940.0
2013-09,경기도,가정용품,414892800.0
2013-09,경기도,"건설,건재및부동산",270555600.0
2013-09,경기도,산업기기,522208000.0
2013-09,경기도,서비스,435178800.0
2013-09,경기도,수송기기,35165545800.0
2013-09,경기도,식품,6953968000.0
2013-09,경기도,유통,499111200.0
2013-09,경기도,음료및기호식품,411923400.0
2013-09,경기도,제약및의료,995911000.0
2013-09,경기도,컴퓨터및정보통신,6840358000.0
2013-09,경기도,화장품및보건용품,1762488000.0
2013-09,경기도,화학공업,776454400.0
2013-09,경상남도,수송기기,774003300.0
2013-09,경상북도,화학공업,81101440.0
2013-09,대구광역시,서비스,85189440.0
2013-09,대전광역시,식품,2000000000.0
2013-09,서울특별시,가정용품,1234517760.0
2013-09,서울특별시,"건설,건재및부동산",2516867680.0
2013-09,서울특별시,서비스,22598554440.0
2013-09,서울특별시,유통,3799328400.0
2013-09,서울특별시,출판,133011900.0
2013-09,서울특별시,컴퓨터및정보통신,2762118520.0
2013-09,서울특별시,패션,485654400.0
2013-09,서울특별시,화장품및보건용품,225716400.0
2013-09,인천광역시,가정용품,21586674240.0
2013-09,인천광역시,산업기기,130603200.0
2013-09,인천광역시,패션,869992200.0
2013-09,전라남도,식품,351330000.0
2013-09,전라북도,제약및의료,1216299000.0
2013-09,충청남도,식품,1138998000.0
2013-09,충청북도,식품,206640000.0
2013-10,경기도,가정용전기전자,10483493160.0
2013-10,경기도,가정용품,418299840.0
2013-10,경기도,"건설,건재및부동산",279574120.0
2013-10,경기도,기초재,438594100.0
2013-10,경기도,산업기기,744276000.0
2013-10,경기도,서비스,449684760.0
2013-10,경기도,식품,34550405000.0
2013-10,경기도,유통,127804320.0
2013-10,경기도,음료및기호식품,384258000.0
2013-10,경기도,제약및의료,1078699300.0
2013-10,경기도,컴퓨터및정보통신,6917412880.0
2013-10,경기도,화장품및보건용품,1759091880.0
2013-10,경상남도,수송기기,1018623200.0
2013-10,경상북도,식품,261919000.0
2013-10,경상북도,화학공업,77454720.0
2013-10,대구광역시,서비스,50756160.0
2013-10,대전광역시,식품,4000000000.0
2013-10,대전광역시,유통,7590240.0
2013-10,서울특별시,가정용품,1353789360.0
2013-10,서울특별시,"건설,건재및부동산",2616837410.0
2013-10,서울특별시,서비스,21436972200.0
2013-10,서울특별시,유통,4624827480.0
2013-10,서울특별시,출판,294862610.0
2013-10,서울특별시,컴퓨터및정보통신,1755640320.0
2013-10,서울특별시,패션,908864880.0
2013-10,서울특별시,화장품및보건용품,703444560.0
2013-10,인천광역시,가정용품,28019296800.0
2013-10,인천광역시,산업기기,120556800.0
2013-10,인천광역시,패션,846407100.0
2013-10,인천광역시,화학공업,199494400.0
2013-10,전라남도,식품,363041000.0
2013-10,전라북도,제약및의료,1256842300.0
2013-10,충청남도,식품,1177414000.0
2013-10,충청북도,식품,213528000.0
2013-11,경기도,가정용전기전자,11995780160.0
2013-11,경기도,가정용품,258552000.0
2013-11,경기도,"건설,건재및부동산",270555600.0
2013-11,경기도,기초재,441735000.0
2013-11,경기도,산업기기,786768800.0
2013-11,경기도,서비스,435178800.0
2013-11,경기도,식품,5733644000.0
2013-11,경기도,유통,123681600.0
2013-11,경기도,음료및기호식품,353858400.0
2013-11,경기도,제약및의료,960925000.0
2013-11,경기도,컴퓨터및정보통신,7293414800.0
2013-11,경기도,화장품및보건용품,1674330840.0
2013-11,경상남도,수송기기,1111796000.0
2013-11,경상북도,식품,253470000.0
2013-11,경상북도,화학공업,82216960.0
2013-11,대구광역시,서비스,56612640.0
2013-11,대전광역시,유통,75902400.0
2013-11,부산광역시,정밀기기및사무기기,120666000.0
2013-11,서울특별시,가정용품,1373279040.0
2013-11,서울특별시,"건설,건재및부동산",2427303100.0
2013-11,서울특별시,서비스,19876961160.0
2013-11,서울특별시,유통,4762094400.0
2013-11,서울특별시,출판,846941760.0
2013-11,서울특별시,컴퓨터및정보통신,1833861400.0
2013-11,서울특별시,패션,1055198760.0
2013-11,서울특별시,화장품및보건용품,867222720.0
2013-11,인천광역시,가정용품,24507324000.0
2013-11,인천광역시,패션,869992200.0
2013-11,인천광역시,화학공업,172569600.0
2013-11,전라남도,식품,351330000.0
2013-11,전라북도,제약및의료,1216299000.0
2013-11,충청남도,식품,1146180000.0
2013-11,충청북도,식품,206640000.0
2013-12,경기도,가정용전기전자,2975782250.0
2013-12,경기도,가정용품,267170400.0
2013-12,경기도,"건설,건재및부동산",466450180.0
2013-12,경기도,기초재,457366000.0
2013-12,경기도,산업기기,818638400.0
2013-12,경기도,서비스,321959400.0
2013-12,경기도,식품,4742458000.0
2013-12,경기도,유통,127804320.0
2013-12,경기도,음료및기호식품,791180460.0
2013-12,경기도,제약및의료,747320000.0
2013-12,경기도,컴퓨터및정보통신,11271270640.0
2013-12,경기도,화장품및보건용품,1284344880.0
2013-12,경상북도,식품,261919000.0
2013-12,경상북도,화학공업,85341760.0
2013-12,대구광역시,서비스,60516960.0
2013-12,대전광역시,식품,550312000.0
2013-12,부산광역시,정밀기기및사무기기,257049520.0
2013-12,서울특별시,가정용전기전자,523143600.0
2013-12,서울특별시,가정용품,1433512080.0
2013-12,서울특별시,"건설,건재및부동산",1852971680.0
2013-12,서울특별시,서비스,9324715680.0
2013-12,서울특별시,유통,5346056520.0
2013-12,서울특별시,출판,880753090.0
2013-12,서울특별시,컴퓨터및정보통신,23456290600.0
2013-12,서울특별시,패션,1081103100.0
2013-12,서울특별시,화장품및보건용품,1185158520.0
2013-12,인천광역시,가정용품,22855438800.0
2013-12,인천광역시,산업기기,155719200.0
2013-12,인천광역시,패션,642055260.0
2013-12,인천광역시,화학공업,204131200.0
2013-12,전라남도,식품,1656011000.0
2013-12,전라북도,제약및의료,1256842300.0
2013-12,충청남도,식품,1180795000.0
2013-12,충청북도,산업기기,226044000.0
2013-12,충청북도,식품,213528000.0
2014-01,경기도,가정용전기전자,1311796640.0
2014-01,경기도,가정용품,267170400.0
2014-01,경기도,"건설,건재및부동산",466450180.0
2014-01,경기도,산업기기,793458000.0
2014-01,경기도,서비스,324093840.0
2014-01,경기도,식품,5868408000.0
2014-01,경기도,유통,284382000.0
2014-01,경기도,음료및기호식품,863745540.0
2014-01,경기도,제약및의료,680680000.0
2014-01,경기도,컴퓨터및정보통신,11743286520.0
2014-01,경기도,화장품및보건용품,1284344880.0
2014-01,경상북도,화학공업,85341760.0
2014-01,대구광역시,서비스,56612640.0
2014-01,부산광역시,정밀기기및사무기기,257049520.0
2014-01,서울특별시,가정용품,1125174960.0
2014-01,서울특별시,"건설,건재및부동산",3129239820.0
2014-01,서울특별시,서비스,9667716240.0
2014-01,서울특별시,유통,4187436120.0
2014-01,서울특별시,출판,845108670.0
2014-01,서울특별시,컴퓨터및정보통신,23458204800.0
2014-01,서울특별시,패션,1045219560.0
2014-01,서울특별시,화장품및보건용품,1185158520.0
2014-01,인천광역시,가정용품,17150310000.0
2014-01,인천광역시,산업기기,155719200.0
2014-01,인천광역시,패션,642055260.0
2014-01,전라북도,제약및의료,1256842300.0
2014-01,충청남도,식품,1184386000.0
2014-01,충청북도,산업기기,530000800.0
2014-01,충청북도,식품,213528000.0
2014-02,경기도,가정용전기전자,1274588000.0
2014-02,경기도,가정용품,175553280.0
2014-02,경기도,"건설,건재및부동산",421309840.0
2014-02,경기도,산업기기,723931200.0
2014-02,경기도,서비스,292729920.0
2014-02,경기도,식품,5353684000.0
2014-02,경기도,유통,256818240.0
2014-02,경기도,음료및기호식품,786943920.0
2014-02,경기도,제약및의료,815959200.0
2014-02,경기도,컴퓨터및정보통신,11419392320.0
2014-02,경기도,화장품및보건용품,1160053440.0
2014-02,경상북도,화학공업,77082880.0
2014-02,대구광역시,서비스,52708320.0
2014-02,부산광역시,정밀기기및사무기기,232173760.0
2014-02,서울특별시,가정용전기전자,94503360.0
2014-02,서울특별시,가정용품,1069750080.0
2014-02,서울특별시,"건설,건재및부동산",2759910160.0
2014-02,서울특별시,서비스,10420246200.0
2014-02,서울특별시,유통,1130920560.0
2014-02,서울특별시,출판,454943440.0
2014-02,서울특별시,컴퓨터및정보통신,19469153440.0
2014-02,서울특별시,패션,883787520.0
2014-02,서울특별시,화장품및보건용품,1009772400.0
2014-02,인천광역시,가정용품,97231680.0
2014-02,인천광역시,산업기기,140649600.0
2014-02,인천광역시,패션,579920880.0
2014-02,전라남도,식품,1579900000.0
2014-02,전라북도,제약및의료,1135212400.0
2014-02,충청남도,식품,1069768000.0
2014-02,충청북도,산업기기,478710400.0
2014-02,충청북도,식품,192864000.0
2014-03,경기도,가정용전기전자,1213362500.0
2014-03,경기도,가정용품,736046640.0
2014-03,경기도,"건설,건재및부동산",213380440.0
2014-03,경기도,산업기기,1429461200.0
2014-03,경기도,서비스,324093840.0
2014-03,경기도,식품,1620948000.0
2014-03,경기도,유통,284825520.0
2014-03,경기도,음료및기호식품,886136580.0
2014-03,경기도,제약및의료,1014897450.0
2014-03,경기도,컴퓨터및정보통신,13555351880.0
2014-03,경기도,화장품및보건용품,1284344880.0
2014-03,경상북도,화학공업,85341760.0
2014-03,대구광역시,서비스,60516960.0
2014-03,서울특별시,가정용전기전자,104628720.0
2014-03,서울특별시,가정용품,1141706160.0
2014-03,서울특별시,"건설,건재및부동산",3225121270.0
2014-03,서울특별시,서비스,13606490520.0
2014-03,서울특별시,유통,663465600.0
2014-03,서울특별시,출판,673451380.0
2014-03,서울특별시,컴퓨터및정보통신,12876931520.0
2014-03,서울특별시,패션,5873766360.0
2014-03,서울특별시,화장품및보건용품,1117962300.0
2014-03,인천광역시,산업기기,155719200.0
2014-03,인천광역시,패션,624526980.0
2014-03,전라남도,식품,1628970000.0
2014-03,전라북도,식품,289520000.0
2014-03,전라북도,제약및의료,1279160750.0
2014-03,충청남도,식품,1177204000.0
2014-03,충청남도,화장품및보건용품,57723120.0
2014-03,충청북도,산업기기,500836000.0
2014-03,충청북도,식품,687890000.0
2014-04,경기도,가정용전기전자,1110682020.0
2014-04,경기도,가정용품,694854720.0
2014-04,경기도,"건설,건재및부동산",206497200.0
2014-04,경기도,산업기기,1413927200.0
2014-04,경기도,서비스,313639200.0
2014-04,경기도,식품,691740000.0
2014-04,경기도,유통,275637600.0
2014-04,경기도,음료및기호식품,495831840.0
2014-04,경기도,제약및의료,1005490500.0
2014-04,경기도,컴퓨터및정보통신,10672614960.0
2014-04,경기도,화장품및보건용품,1726047960.0
2014-04,경상북도,화학공업,79092160.0
2014-04,대구광역시,기초재,408950850.0
2014-04,대구광역시,서비스,50756160.0
2014-04,서울특별시,가정용전기전자,101253600.0
2014-04,서울특별시,가정용품,375429600.0
2014-04,서울특별시,"건설,건재및부동산",2364143390.0
2014-04,서울특별시,서비스,9430461600.0
2014-04,서울특별시,유통,719334000.0
2014-04,서울특별시,출판,4504963800.0
2014-04,서울특별시,컴퓨터및정보통신,7377447840.0
2014-04,서울특별시,패션,9343737480.0
2014-04,서울특별시,화장품및보건용품,963395160.0
2014-04,인천광역시,가정용품,4043612160.0
2014-04,인천광역시,산업기기,150696000.0
2014-04,전라남도,식품,758100000.0
2014-04,전라북도,식품,361900000.0
2014-04,전라북도,제약및의료,1237897500.0
2014-04,충청남도,식품,1124634000.0
2014-04,충청남도,화장품및보건용품,257166000.0
2014-04,충청북도,산업기기,296637600.0
2014-04,충청북도,식품,451822000.0
2014-05,경기도,가정용전기전자,565534970.0
2014-05,경기도,가정용품,3657064320.0
2014-05,경기도,"건설,건재및부동산",213380440.0
2014-05,경기도,산업기기,1868855600.0
2014-05,경기도,서비스,324093840.0
2014-05,경기도,식품,882700000.0
2014-05,경기도,유통,284825520.0
2014-05,경기도,음료및기호식품,529132380.0
2014-05,경기도,제약및의료,657826050.0
2014-05,경기도,컴퓨터및정보통신,13269651920.0
2014-05,경기도,화장품및보건용품,1836782220.0
2014-05,경상북도,화학공업,75445440.0
2014-05,대구광역시,기초재,422217950.0
2014-05,대구광역시,서비스,50756160.0
2014-05,부산광역시,가정용품,160302240.0
2014-05,서울특별시,가정용품,466265520.0
2014-05,서울특별시,"건설,건재및부동산",2515447260.0
2014-05,서울특별시,서비스,1393560000.0
2014-05,서울특별시,유통,617904000.0
2014-05,서울특별시,출판,841930110.0
2014-05,서울특별시,컴퓨터및정보통신,475585880.0
2014-05,서울특별시,패션,5756050080.0
2014-05,서울특별시,화장품및보건용품,846294540.0
2014-05,세종특별자치시,제약및의료,13404041000.0
2014-05,인천광역시,가정용품,7840760400.0
2014-05,인천광역시,산업기기,44962400.0
2014-05,전라남도,식품,2586780000.0
2014-05,전라북도,식품,1830451000.0
2014-05,전라북도,제약및의료,1279160750.0
2014-05,충청남도,식품,1136646000.0
2014-05,충청남도,화장품및보건용품,210559440.0
2014-05,충청북도,산업기기,257665200.0
2014-05,충청북도,식품,452648000.0
2014-06,경기도,가정용전기전자,701616300.0
2014-06,경기도,가정용품,3097961280.0
2014-06,경기도,"건설,건재및부동산",240219000.0
2014-06,경기도,산업기기,6456414800.0
2014-06,경기도,서비스,185572800.0
2014-06,경기도,식품,540960000.0
2014-06,경기도,유통,275637600.0
2014-06,경기도,음료및기호식품,356592600.0
2014-06,경기도,제약및의료,320348000.0
2014-06,경기도,컴퓨터및정보통신,12861577120.0
2014-06,경기도,화장품및보건용품,1563798600.0
2014-06,경상북도,화학공업,114523040.0
2014-06,대구광역시,가정용전기전자,70898100.0
2014-06,대구광역시,기초재,429100350.0
2014-06,대구광역시,산업기기,78086400.0
2014-06,대구광역시,서비스,48804000.0
2014-06,부산광역시,가정용품,155131200.0
2014-06,부산광역시,서비스,525319200.0
2014-06,서울특별시,가정용품,182498400.0
2014-06,서울특별시,"건설,건재및부동산",2406025630.0
2014-06,서울특별시,산업기기,100212000.0
2014-06,서울특별시,유통,684910800.0
2014-06,서울특별시,제약및의료,903567000.0
2014-06,서울특별시,출판,787970700.0
2014-06,서울특별시,컴퓨터및정보통신,3587564400.0
2014-06,서울특별시,패션,5716067280.0
2014-06,서울특별시,화장품및보건용품,806736840.0
2014-06,세종특별자치시,제약및의료,8540239000.0
2014-06,인천광역시,가정용품,7749741600.0
2014-06,전라남도,식품,2737672000.0
2014-06,전라북도,식품,1478442000.0
2014-06,전라북도,제약및의료,1159060000.0
2014-06,충청남도,식품,1146180000.0
2014-06,충청남도,화장품및보건용품,118918800.0
2014-06,충청북도,산업기기,428396400.0
2014-06,충청북도,식품,428624000.0
2014-07,경기도,가정용전기전자,649729220.0
2014-07,경기도,가정용품,2151663840.0
2014-07,경기도,"건설,건재및부동산",741115760.0
2014-07,경기도,산업기기,6655414000.0
2014-07,경기도,서비스,191758560.0
2014-07,경기도,식품,976640000.0
2014-07,경기도,음료및기호식품,565755960.0
2014-07,경기도,제약및의료,588098000.0
2014-07,경기도,컴퓨터및정보통신,14280750040.0
2014-07,경기도,화장품및보건용품,1284344880.0
2014-07,경상북도,화학공업,141858560.0
2014-07,대구광역시,가정용전기전자,73261370.0
2014-07,대구광역시,기초재,449135750.0
2014-07,대구광역시,산업기기,81804800.0
2014-07,대구광역시,서비스,50756160.0
2014-07,부산광역시,가정용품,160302240.0
2014-07,부산광역시,서비스,387619680.0
2014-07,서울특별시,가정용품,188581680.0
2014-07,서울특별시,"건설,건재및부동산",2410025250.0
2014-07,서울특별시,산업기기,133616000.0
2014-07,서울특별시,유통,705373200.0
2014-07,서울특별시,제약및의료,865623850.0
2014-07,서울특별시,출판,817583510.0
2014-07,서울특별시,컴퓨터및정보통신,1123912160.0
2014-07,서울특별시,패션,1052576580.0
2014-07,서울특별시,화장품및보건용품,863231460.0
2014-07,서울특별시,화학공업,133081760.0
2014-07,세종특별자치시,제약및의료,11578360850.0
2014-07,인천광역시,가정용품,8737642800.0
2014-07,인천광역시,패션,355615260.0
2014-07,전라남도,식품,11143999000.0
2014-07,전라북도,식품,1626303000.0
2014-07,전라북도,제약및의료,1220005000.0
2014-07,충청남도,식품,1184386000.0
2014-07,충청북도,산업기기,442610400.0
2014-07,충청북도,식품,100471000.0
2014-08,경기도,가정용전기전자,760708340.0
2014-08,경기도,가정용품,2664183600.0
2014-08,경기도,"건설,건재및부동산",1187030300.0
2014-08,경기도,산업기기,2436481200.0
2014-08,경기도,서비스,191758560.0
2014-08,경기도,식품,883260000.0
2014-08,경기도,음료및기호식품,713726160.0
2014-08,경기도,제약및의료,479570000.0
2014-08,경기도,컴퓨터및정보통신,14723761880.0
2014-08,경기도,화장품및보건용품,1263629640.0
2014-08,경상북도,화학공업,147978400.0
2014-08,대구광역시,가정용전기전자,73261370.0
2014-08,대구광역시,기초재,167223700.0
2014-08,대구광역시,산업기기,83664000.0
2014-08,대구광역시,서비스,54660480.0
2014-08,부산광역시,가정용품,80151120.0
2014-08,부산광역시,서비스,381588480.0
2014-08,서울특별시,가정용품,164364480.0
2014-08,서울특별시,"건설,건재및부동산",2336808210.0
2014-08,서울특별시,산업기기,133616000.0
2014-08,서울특별시,제약및의료,865623850.0
2014-08,서울특별시,출판,1147064130.0
2014-08,서울특별시,컴퓨터및정보통신,422021600.0
2014-08,서울특별시,패션,1744990500.0
2014-08,서울특별시,화장품및보건용품,2054395980.0
2014-08,서울특별시,화학공업,101091200.0
2014-08,세종특별자치시,제약및의료,2771389300.0
2014-08,인천광역시,가정용품,15643671840.0
2014-08,인천광역시,패션,355615260.0
2014-08,전라남도,식품,12606222000.0
2014-08,전라북도,식품,1777783000.0
2014-08,전라북도,제약및의료,1220005000.0
2014-08,충청남도,식품,1184386000.0
2014-08,충청북도,산업기기,442292800.0
2014-08,충청북도,식품,100471000.0
2014-09,경기도,가정용전기전자,9927003345.0
2014-09,경기도,가정용품,1128456000.0
2014-09,경기도,"건설,건재및부동산",1176605000.0
2014-09,경기도,산업기기,842261600.0
2014-09,경기도,서비스,313639200.0
2014-09,경기도,식품,811300000.0
2014-09,경기도,음료및기호식품,438271680.0
2014-09,경기도,제약및의료,426496000.0
2014-09,경기도,컴퓨터및정보통신,6422396000.0
2014-09,경기도,화장품및보건용품,1955865600.0
2014-09,경상북도,화학공업,137398400.0
2014-09,대구광역시,가정용품,438480.0
2014-09,대구광역시,산업기기,79016000.0
2014-09,대구광역시,서비스,48804000.0
2014-09,서울특별시,가정용품,281988000.0
2014-09,서울특별시,"건설,건재및부동산",3487091420.0
2014-09,서울특별시,산업기기,100212000.0
2014-09,서울특별시,제약및의료,837700500.0
2014-09,서울특별시,출판,763576800.0
2014-09,서울특별시,컴퓨터및정보통신,408408000.0
2014-09,서울특별시,패션,1712294760.0
2014-09,서울특별시,화장품및보건용품,1986861240.0
2014-09,서울특별시,화학공업,98228480.0
2014-09,세종특별자치시,제약및의료,10144690500.0
2014-09,인천광역시,가정용품,17050618080.0
2014-09,인천광역시,패션,344143800.0
2014-09,전라남도,식품,10530926000.0
2014-09,전라북도,식품,1742643000.0
2014-09,전라북도,제약및의료,975885000.0
2014-09,충청남도,식품,1117452000.0
2014-09,충청북도,산업기기,512050400.0
2014-10,경기도,가정용전기전자,10162087460.0
2014-10,경기도,가정용품,1285945200.0
2014-10,경기도,"건설,건재및부동산",980220000.0
2014-10,경기도,산업기기,809274400.0
2014-10,경기도,서비스,324093840.0
2014-10,경기도,음료및기호식품,471534840.0
2014-10,경기도,제약및의료,480046000.0
2014-10,경기도,컴퓨터및정보통신,6943781240.0
2014-10,경기도,화장품및보건용품,9657460800.0
2014-10,경상북도,화학공업,143911040.0
2014-10,광주광역시,서비스,9877565040.0
2014-10,대구광역시,가정용전기전자,73261370.0
2014-10,대구광역시,산업기기,103876000.0
2014-10,대구광역시,서비스,54660480.0
2014-10,부산광역시,식품,802400000.0
2014-10,서울특별시,가정용품,27179059680.0
2014-10,서울특별시,"건설,건재및부동산",3822933640.0
2014-10,서울특별시,산업기기,133616000.0
2014-10,서울특별시,제약및의료,865623850.0
2014-10,서울특별시,출판,643790840.0
2014-10,서울특별시,컴퓨터및정보통신,417137840.0
2014-10,서울특별시,패션,1795074600.0
2014-10,서울특별시,화장품및보건용품,2054395980.0
2014-10,서울특별시,화학공업,107250080.0
2014-10,세종특별자치시,제약및의료,10410002700.0
2014-10,인천광역시,가정용품,16267400640.0
2014-10,인천광역시,패션,308925540.0
2014-10,전라남도,식품,9940333000.0
2014-10,전라북도,식품,324380000.0
2014-10,전라북도,제약및의료,1189507000.0
2014-10,충청남도,식품,346766000.0
2014-10,충청북도,산업기기,440794800.0
2014-11,경기도,가정용전기전자,11449180750.0
2014-11,경기도,가정용품,569993760.0
2014-11,경기도,"건설,건재및부동산",948600000.0
2014-11,경기도,산업기기,664008000.0
2014-11,경기도,서비스,313639200.0
2014-11,경기도,음료및기호식품,502416600.0
2014-11,경기도,제약및의료,265370000.0
2014-11,경기도,컴퓨터및정보통신,6007262800.0
2014-11,경기도,화장품및보건용품,7767661200.0
2014-11,경상북도,산업기기,106904000.0
2014-11,경상북도,화학공업,143964800.0
2014-11,광주광역시,서비스,7056225120.0
2014-11,대구광역시,가정용전기전자,70898100.0
2014-11,대구광역시,가정용품,817891200.0
2014-11,대구광역시,산업기기,97646400.0
2014-11,대구광역시,서비스,48804000.0
2014-11,대전광역시,서비스,422049600.0
2014-11,부산광역시,식품,654000000.0
2014-11,서울특별시,가정용품,24239382480.0
2014-11,서울특별시,"건설,건재및부동산",4310955480.0
2014-11,서울특별시,산업기기,133616000.0
2014-11,서울특별시,유통,131619600.0
2014-11,서울특별시,제약및의료,837700500.0
2014-11,서울특별시,출판,556789800.0
2014-11,서울특별시,컴퓨터및정보통신,408408000.0
2014-11,서울특별시,패션,2306343600.0
2014-11,서울특별시,화장품및보건용품,3058200600.0
2014-11,서울특별시,화학공업,103790400.0
2014-11,세종특별자치시,제약및의료,11345409000.0
2014-11,인천광역시,가정용품,14100449760.0
2014-11,전라남도,식품,16033514000.0
2014-11,전라북도,제약및의료,1134495000.0
2014-11,충청남도,식품,335580000.0
2014-11,충청북도,산업기기,435924000.0
2014-11,충청북도,식품,459060000.0
2014-12,경기도,가정용전기전자,264017390.0
2014-12,경기도,가정용품,3520345680.0
2014-12,경기도,"건설,건재및부동산",932232000.0
2014-12,경기도,산업기기,732210000.0
2014-12,경기도,식품,1275470000.0
2014-12,경기도,음료및기호식품,368264400.0
2014-12,경기도,제약및의료,457436000.0
2014-12,경기도,컴퓨터및정보통신,6058370920.0
2014-12,경기도,화장품및보건용품,8583120000.0
2014-12,경상북도,산업기기,115270400.0
2014-12,경상북도,화학공업,65343040.0
2014-12,대구광역시,가정용전기전자,73261370.0
2014-12,대구광역시,가정용품,978919200.0
2014-12,대구광역시,산업기기,106664800.0
2014-12,대구광역시,서비스,60516960.0
2014-12,대전광역시,서비스,389592000.0
2014-12,서울특별시,가정용품,1888120080.0
2014-12,서울특별시,"건설,건재및부동산",3801497140.0
2014-12,서울특별시,산업기기,133616000.0
2014-12,서울특별시,유통,136006920.0
2014-12,서울특별시,제약및의료,6310230850.0
2014-12,서울특별시,출판,565557930.0
2014-12,서울특별시,컴퓨터및정보통신,422021600.0
2014-12,서울특별시,패션,2425061760.0
2014-12,서울특별시,화장품및보건용품,4858634040.0
2014-12,인천광역시,가정용품,13915067040.0
2014-12,전라남도,식품,16559010000.0
2014-12,전라북도,제약및의료,1206031000.0
2014-12,충청남도,식품,346766000.0
2014-12,충청북도,산업기기,450454800.0
2014-12,충청북도,식품,474362000.0
2015-01,경기도,가정용전기전자,220953740.0
2015-01,경기도,가정용품,459138960.0
2015-01,경기도,"건설,건재및부동산",1208404800.0
2015-01,경기도,산업기기,444553200.0
2015-01,경기도,식품,1350860000.0
2015-01,경기도,음료및기호식품,368264400.0
2015-01,경기도,제약및의료,408408000.0
2015-01,경기도,컴퓨터및정보통신,4722253880.0
2015-01,경기도,화장품및보건용품,6743880000.0
2015-01,경상남도,서비스,48680082360.0
2015-01,경상북도,산업기기,114340800.0
2015-01,경상북도,화학공업,64713600.0
2015-01,대구광역시,가정용전기전자,73261370.0
2015-01,대구광역시,가정용품,810532800.0
2015-01,대구광역시,산업기기,106664800.0
2015-01,대구광역시,서비스,58564800.0
2015-01,대전광역시,서비스,395001600.0
2015-01,서울특별시,가정용품,2153728080.0
2015-01,서울특별시,"건설,건재및부동산",4720323500.0
2015-01,서울특별시,산업기기,167020000.0
2015-01,서울특별시,서비스,66167640.0
2015-01,서울특별시,유통,136006920.0
2015-01,서울특별시,제약및의료,5546667350.0
2015-01,서울특별시,출판,1008985110.0
2015-01,서울특별시,컴퓨터및정보통신,320352760.0
2015-01,서울특별시,패션,2021263860.0
2015-01,서울특별시,화장품및보건용품,3482731980.0
2015-01,인천광역시,가정용품,14249224800.0
2015-01,전라남도,서비스,1022599200.0
2015-01,전라남도,식품,14479725000.0
2015-01,전라북도,제약및의료,1206031000.0
2015-01,충청남도,식품,346766000.0
2015-01,충청남도,화장품및보건용품,122882760.0
2015-01,충청북도,산업기기,250381600.0
2015-01,충청북도,식품,474362000.0
2015-02,경기도,가정용전기전자,275154600.0
2015-02,경기도,가정용품,1207175760.0
2015-02,경기도,"건설,건재및부동산",1108101200.0
2015-02,경기도,산업기기,267332800.0
2015-02,경기도,식품,806120000.0
2015-02,경기도,제약및의료,682346000.0
2015-02,경기도,컴퓨터및정보통신,4549988800.0
2015-02,경기도,화장품및보건용품,7724340000.0
2015-02,경상남도,서비스,57736138320.0
2015-02,경상북도,산업기기,104115200.0
2015-02,경상북도,식품,103320000.0
2015-02,경상북도,화학공업,58275840.0
2015-02,광주광역시,서비스,2304142680.0
2015-02,대구광역시,가정용전기전자,156929360.0
2015-02,대구광역시,가정용품,772732800.0
2015-02,대구광역시,산업기기,94483200.0
2015-02,대구광역시,서비스,889949760.0
2015-02,서울특별시,가정용품,2781858240.0
2015-02,서울특별시,"건설,건재및부동산",4033522840.0
2015-02,서울특별시,서비스,119528640.0
2015-02,서울특별시,유통,220419360.0
2015-02,서울특별시,제약및의료,4541016200.0
2015-02,서울특별시,출판,1427817580.0
2015-02,서울특별시,컴퓨터및정보통신,491008280.0
2015-02,서울특별시,패션,530140380.0
2015-02,서울특별시,화장품및보건용품,45391510320.0
2015-02,인천광역시,가정용품,3334060800.0
2015-02,전라남도,서비스,1198323840.0
2015-02,전라남도,식품,17726595000.0
2015-02,전라북도,제약및의료,1076474000.0
2015-02,충청남도,식품,313208000.0
2015-02,충청남도,화장품및보건용품,110990880.0
2015-02,충청북도,산업기기,603400000.0
2015-02,충청북도,식품,428456000.0
2015-03,경기도,가정용품,589357440.0
2015-03,경기도,"건설,건재및부동산",1208404800.0
2015-03,경기도,산업기기,403704000.0
2015-03,경기도,식품,873096000.0
2015-03,경기도,제약및의료,799858500.0
2015-03,경기도,컴퓨터및정보통신,4639051800.0
2015-03,경기도,화장품및보건용품,3235611600.0
2015-03,경상남도,서비스,28960128540.0
2015-03,경상북도,식품,213528000.0
2015-03,경상북도,화학공업,64768480.0
2015-03,광주광역시,서비스,3222866640.0
2015-03,대구광역시,가정용품,890316000.0
2015-03,대구광역시,산업기기,105735200.0
2015-03,대구광역시,서비스,952160160.0
2015-03,서울특별시,가정용품,2786515200.0
2015-03,서울특별시,"건설,건재및부동산",4592111220.0
2015-03,서울특별시,서비스,132335280.0
2015-03,서울특별시,유통,196256520.0
2015-03,서울특별시,제약및의료,4049790150.0
2015-03,서울특별시,출판,1556022510.0
2015-03,서울특별시,컴퓨터및정보통신,202747440.0
2015-03,서울특별시,화장품및보건용품,49695679800.0
2015-03,세종특별자치시,제약및의료,10250916700.0
2015-03,인천광역시,가정용품,1406815200.0
2015-03,전라남도,서비스,1142861160.0
2015-03,전라남도,식품,13025682000.0
2015-03,전라북도,제약및의료,1664969800.0
2015-03,충청남도,식품,346766000.0
2015-03,충청남도,제약및의료,2998978500.0
2015-03,충청남도,화장품및보건용품,122882760.0
2015-03,충청북도,산업기기,644509600.0
2015-03,충청북도,식품,467124000.0
2015-04,경기도,가정용품,6019060320.0
2015-04,경기도,"건설,건재및부동산",637980000.0
2015-04,경기도,산업기기,474986400.0
2015-04,경기도,식품,933436000.0
2015-04,경기도,제약및의료,735420000.0
2015-04,경기도,컴퓨터및정보통신,3002689600.0
2015-04,경상북도,식품,503790000.0
2015-04,경상북도,화학공업,46565120.0
2015-04,광주광역시,서비스,5005560000.0
2015-04,대구광역시,가정용품,895104000.0
2015-04,대구광역시,기초재,85890000.0
2015-04,대구광역시,산업기기,96716800.0
2015-04,대구광역시,서비스,988992480.0
2015-04,서울특별시,"건설,건재및부동산",4179033430.0
2015-04,서울특별시,서비스,185572800.0
2015-04,서울특별시,유통,127526400.0
2015-04,서울특별시,제약및의료,3838523500.0
2015-04,서울특별시,출판,1277105160.0
2015-04,서울특별시,컴퓨터및정보통신,144370800.0
2015-04,서울특별시,화장품및보건용품,4976244000.0
2015-04,세종특별자치시,제약및의료,11959925000.0
2015-04,전라남도,서비스,917649600.0
2015-04,전라남도,식품,15334692000.0
2015-04,전라북도,제약및의료,1640836600.0
2015-04,충청남도,식품,152240000.0
2015-04,충청남도,제약및의료,7079516125.0
2015-04,충청남도,화장품및보건용품,118918800.0
2015-04,충청북도,산업기기,682528000.0
2015-05,경기도,가정용품,6103460160.0
2015-05,경기도,"건설,건재및부동산",659246000.0
2015-05,경기도,산업기기,1090840800.0
2015-05,경기도,컴퓨터및정보통신,3143139520.0
2015-05,경기도,화장품및보건용품,731227380.0
2015-05,경상북도,식품,520583000.0
2015-05,경상북도,화학공업,48842080.0
2015-05,광주광역시,서비스,4447788240.0
2015-05,대구광역시,기초재,88753000.0
2015-05,대구광역시,산업기기,102016800.0
2015-05,대구광역시,서비스,125455680.0
2015-05,부산광역시,가정용품,463881600.0
2015-05,서울특별시,"건설,건재및부동산",4921831870.0
2015-05,서울특별시,서비스,191758560.0
2015-05,서울특별시,유통,148753440.0
2015-05,서울특별시,제약및의료,4021932250.0
2015-05,서울특별시,출판,1261484980.0
2015-05,서울특별시,컴퓨터및정보통신,149183160.0
2015-05,서울특별시,화장품및보건용품,54046129020.0
2015-05,서울특별시,화학공업,69129760.0
2015-05,세종특별자치시,제약및의료,10736873600.0
2015-05,인천광역시,가정용품,614960640.0
2015-05,전라남도,서비스,737842560.0
2015-05,전라남도,식품,15730545000.0
2015-05,전라북도,제약및의료,1691299400.0
2015-05,충청남도,식품,159340000.0
2015-05,충청남도,제약및의료,6848033500.0
2015-05,충청남도,화장품및보건용품,61441380.0
2015-05,충청북도,산업기기,699714400.0
2015-06,경기도,가정용품,5831582400.0
2015-06,경기도,"건설,건재및부동산",637980000.0
2015-06,경기도,산업기기,1142411200.0
2015-06,경기도,제약및의료,305235000.0
2015-06,경기도,컴퓨터및정보통신,2795044800.0
2015-06,경기도,화장품및보건용품,755242800.0
2015-06,경상북도,식품,21616000.0
2015-06,경상북도,화학공업,45732960.0
2015-06,대구광역시,기초재,85890000.0
2015-06,대구광역시,산업기기,96728800.0
2015-06,대구광역시,서비스,174871200.0
2015-06,부산광역시,가정용품,528998400.0
2015-06,서울특별시,"건설,건재및부동산",3639238180.0
2015-06,서울특별시,서비스,276948000.0
2015-06,서울특별시,유통,147571200.0
2015-06,서울특별시,제약및의료,2477223000.0
2015-06,서울특별시,출판,2307736900.0
2015-06,서울특별시,컴퓨터및정보통신,144370800.0
2015-06,서울특별시,화장품및보건용품,25279815600.0
2015-06,서울특별시,화학공업,25502400.0
2015-06,세종특별자치시,제약및의료,2618442000.0
2015-06,전라남도,서비스,1001775600.0
2015-06,전라남도,식품,13490943000.0
2015-06,전라북도,제약및의료,1646064950.0
2015-06,충청남도,식품,154200000.0
2015-06,충청남도,제약및의료,6600536025.0
2015-06,충청남도,화장품및보건용품,59459400.0
2015-06,충청북도,산업기기,679014000.0
2015-07,경기도,가정용품,874692000.0
2015-07,경기도,"건설,건재및부동산",659246000.0
2015-07,경기도,산업기기,1574067600.0
2015-07,경기도,제약및의료,315409500.0
2015-07,경기도,컴퓨터및정보통신,267716000.0
2015-07,경기도,화장품및보건용품,1118677560.0
2015-07,경상북도,화학공업,48267520.0
2015-07,대구광역시,기초재,135236500.0
2015-07,대구광역시,산업기기,94580000.0
2015-07,대구광역시,서비스,111273120.0
2015-07,부산광역시,가정용품,502992000.0
2015-07,부산광역시,식품,272916000.0
2015-07,서울특별시,"건설,건재및부동산",3478204030.0
2015-07,서울특별시,서비스,286179600.0
2015-07,서울특별시,유통,31917600.0
2015-07,서울특별시,제약및의료,2828397950.0
2015-07,서울특별시,출판,330498000.0
2015-07,서울특별시,컴퓨터및정보통신,255026520.0
2015-07,서울특별시,화학공업,36317120.0
2015-07,인천광역시,가정용품,560589120.0
2015-07,전라남도,식품,11542425000.0
2015-07,전라북도,제약및의료,1725845950.0
2015-07,충청남도,식품,159340000.0
2015-07,충청남도,제약및의료,5325434450.0
2015-07,충청남도,화장품및보건용품,61441380.0
2015-07,충청북도,산업기기,701500800.0
2015-08,경기도,"건설,건재및부동산",659246000.0
2015-08,경기도,산업기기,897859600.0
2015-08,경기도,제약및의료,315409500.0
2015-08,경기도,컴퓨터및정보통신,1627716000.0
2015-08,경기도,화장품및보건용품,764689380.0
2015-08,경상북도,화학공업,47435360.0
2015-08,대구광역시,기초재,250776050.0
2015-08,대구광역시,산업기기,92720800.0
2015-08,대구광역시,서비스,769616400.0
2015-08,대전광역시,서비스,35185920.0
2015-08,부산광역시,가정용품,65116800.0
2015-08,부산광역시,식품,445284000.0
2015-08,서울특별시,"건설,건재및부동산",3351875000.0
2015-08,서울특별시,서비스,286179600.0
2015-08,서울특별시,유통,37609200.0
2015-08,서울특별시,제약및의료,2858683450.0
2015-08,서울특별시,출판,578711630.0
2015-08,서울특별시,컴퓨터및정보통신,256754400.0
2015-08,서울특별시,화학공업,33942720.0
2015-08,인천광역시,가정용품,560589120.0
2015-08,전라남도,식품,11411149000.0
2015-08,전라북도,유통,1593073260.0
2015-08,전라북도,제약및의료,1721365600.0
2015-08,충청남도,식품,157750000.0
2015-08,충청남도,화장품및보건용품,61441380.0
2015-08,충청북도,산업기기,667265200.0
2015-09,경기도,"건설,건재및부동산",619876000.0
2015-09,경기도,산업기기,619959200.0
2015-09,경기도,제약및의료,16646508375.0
2015-09,경기도,컴퓨터및정보통신,1669944000.0
2015-09,경상남도,유통,6836917320.0
2015-09,경상북도,식품,41832000.0
2015-09,경상북도,화학공업,53591680.0
2015-09,대구광역시,기초재,229500600.0
2015-09,대구광역시,산업기기,90209600.0
2015-09,대구광역시,서비스,746030880.0
2015-09,대전광역시,서비스,62092800.0
2015-09,부산광역시,가정용품,65116800.0
2015-09,서울특별시,"건설,건재및부동산",3799553750.0
2015-09,서울특별시,서비스,436128000.0
2015-09,서울특별시,유통,36396000.0
2015-09,서울특별시,제약및의료,2875278000.0
2015-09,서울특별시,출판,457188900.0
2015-09,서울특별시,컴퓨터및정보통신,248472000.0
2015-09,서울특별시,화장품및보건용품,2520609000.0
2015-09,서울특별시,화학공업,33246080.0
2015-09,세종특별자치시,제약및의료,12122751000.0
2015-09,인천광역시,가정용품,526871520.0
2015-09,전라남도,식품,13134040000.0
2015-09,전라북도,유통,4039164540.0
2015-09,전라북도,제약및의료,1761445650.0
2015-09,충청남도,식품,154200000.0
2015-09,충청남도,화장품및보건용품,59459400.0
2015-09,충청북도,산업기기,722327200.0
2015-09,충청북도,서비스,694190280.0
2015-10,경기도,가정용전기전자,73261370.0
2015-10,경기도,"건설,건재및부동산",650194000.0
2015-10,경기도,산업기기,408390800.0
2015-10,경기도,컴퓨터및정보통신,3029984800.0
2015-10,경상남도,유통,6681706740.0
2015-10,경상북도,식품,213808000.0
2015-10,경상북도,화학공업,62491360.0
2015-10,대구광역시,기초재,232312850.0
2015-10,대구광역시,산업기기,93650400.0
2015-10,대구광역시,서비스,533090880.0
2015-10,대전광역시,서비스,243526080.0
2015-10,부산광역시,가정용품,203212800.0
2015-10,부산광역시,화장품및보건용품,60933600.0
2015-10,서울특별시,"건설,건재및부동산",2326173970.0
2015-10,서울특별시,유통,67266000.0
2015-10,서울특별시,제약및의료,2529660350.0
2015-10,서울특별시,출판,500150630.0
2015-10,서울특별시,컴퓨터및정보통신,159069680.0
2015-10,서울특별시,화장품및보건용품,1960795200.0
2015-10,서울특별시,화학공업,20172320.0
2015-10,세종특별자치시,제약및의료,10957537000.0
2015-10,인천광역시,가정용품,337009680.0
2015-10,전라남도,식품,13316132000.0
2015-10,전라북도,유통,1205363880.0
2015-10,충청남도,식품,49290000.0
2015-10,충청남도,화장품및보건용품,61441380.0
2015-10,충청북도,산업기기,587549200.0
2015-10,충청북도,서비스,1712953200.0
2015-11,경기도,가정용전기전자,70898100.0
2015-11,경기도,가정용품,6613692120.0
2015-11,경기도,"건설,건재및부동산",754769400.0
2015-11,경기도,산업기기,431268800.0
2015-11,경기도,컴퓨터및정보통신,1659939840.0
2015-11,경상남도,"건설,건재및부동산",70047600.0
2015-11,경상남도,유통,4057020000.0
2015-11,경상북도,식품,206836000.0
2015-11,경상북도,화학공업,63235200.0
2015-11,대구광역시,가정용품,487166400.0
2015-11,대구광역시,기초재,242686500.0
2015-11,대구광역시,산업기기,94857600.0
2015-11,대구광역시,서비스,515894400.0
2015-11,대전광역시,서비스,235670400.0
2015-11,부산광역시,가정용품,212918400.0
2015-11,부산광역시,서비스,400780800.0
2015-11,부산광역시,식품,834120000.0
2015-11,서울특별시,"건설,건재및부동산",2502107030.0
2015-11,서울특별시,서비스,316461600.0
2015-11,서울특별시,제약및의료,3115003500.0
2015-11,서울특별시,출판,410323200.0
2015-11,서울특별시,컴퓨터및정보통신,257182800.0
2015-11,서울특별시,패션,597643200.0
2015-11,서울특별시,화장품및보건용품,1978267200.0
2015-11,서울특별시,화학공업,19521600.0
2015-11,세종특별자치시,제약및의료,9528228000.0
2015-11,인천광역시,가정용품,326138400.0
2015-11,전라남도,식품,11640770000.0
2015-11,충청남도,식품,47700000.0
2015-11,충청남도,화장품및보건용품,59459400.0
2015-11,충청북도,산업기기,516320000.0
2015-11,충청북도,서비스,1659336000.0
2015-12,경기도,가정용전기전자,73261370.0
2015-12,경기도,가정용품,7728369840.0
2015-12,경기도,"건설,건재및부동산",951176410.0
2015-12,경기도,산업기기,461878800.0
2015-12,경기도,컴퓨터및정보통신,313520800.0
2015-12,경상남도,"건설,건재및부동산",72382520.0
2015-12,경상북도,식품,216132000.0
2015-12,경상북도,화학공업,65343040.0
2015-12,대구광역시,가정용품,503405280.0
2015-12,대구광역시,기초재,250776050.0
2015-12,대구광역시,산업기기,99228000.0
2015-12,대구광역시,서비스,533090880.0
2015-12,대전광역시,서비스,243526080.0
2015-12,부산광역시,가정용품,228657600.0
2015-12,부산광역시,"건설,건재및부동산",3162319920.0
2015-12,부산광역시,서비스,414140160.0
2015-12,부산광역시,식품,924840000.0
2015-12,부산광역시,패션,3149454000.0
2015-12,서울특별시,"건설,건재및부동산",1205252100.0
2015-12,서울특별시,서비스,452601240.0
2015-12,서울특별시,제약및의료,3106459300.0
2015-12,서울특별시,출판,23474112585.0
2015-12,서울특별시,컴퓨터및정보통신,238057120.0
2015-12,서울특별시,패션,617564640.0
2015-12,서울특별시,화장품및보건용품,3045915600.0
2015-12,인천광역시,가정용품,337009680.0
2015-12,전라남도,서비스,2116795800.0
2015-12,전라남도,식품,11647525000.0
2015-12,전라북도,유통,1220928480.0
2015-12,전라북도,컴퓨터및정보통신,145199040.0
2015-12,충청남도,식품,49290000.0
2015-12,충청남도,화장품및보건용품,61441380.0
2015-12,충청북도,산업기기,324048000.0
2015-12,충청북도,서비스,1731124920.0
2016-01,경기도,가정용전기전자,73261370.0
2016-01,경기도,"건설,건재및부동산",952341390.0
2016-01,경기도,산업기기,485244800.0
2016-01,경기도,컴퓨터및정보통신,308575840.0
2016-01,경상남도,"건설,건재및부동산",72382520.0
2016-01,경상남도,서비스,304360560.0
2016-01,경상남도,컴퓨터및정보통신,77764120.0
2016-01,경상북도,식품,218456000.0
2016-01,경상북도,화학공업,65343040.0
2016-01,대구광역시,가정용품,503405280.0
2016-01,대구광역시,기초재,133281400.0
2016-01,대구광역시,산업기기,106664800.0
2016-01,대구광역시,서비스,937076280.0
2016-01,부산광역시,가정용품,225028800.0
2016-01,부산광역시,"건설,건재및부동산",3443621670.0
2016-01,부산광역시,서비스,414140160.0
2016-01,부산광역시,식품,834120000.0
2016-01,부산광역시,패션,2946543600.0
2016-01,서울특별시,"건설,건재및부동산",3451307810.0
2016-01,서울특별시,서비스,452601240.0
2016-01,서울특별시,제약및의료,5407069300.0
2016-01,서울특별시,출판,27034854435.0
2016-01,서울특별시,컴퓨터및정보통신,149183160.0
2016-01,서울특별시,패션,617564640.0
2016-01,서울특별시,화장품및보건용품,38133038970.0
2016-01,인천광역시,가정용품,153740160.0
2016-01,전라남도,서비스,6324914988.0
2016-01,전라남도,식품,12185999000.0
2016-01,전라북도,유통,1077760800.0
2016-01,전라북도,컴퓨터및정보통신,287999040.0
2016-01,충청남도,식품,49290000.0
2016-01,충청남도,화장품및보건용품,61441380.0
2016-01,충청북도,산업기기,339092000.0
2016-01,충청북도,서비스,1363634160.0
2016-01,충청북도,식품,486507000.0
2016-02,경기도,"건설,건재및부동산",788915590.0
2016-02,경기도,산업기기,574654400.0
2016-02,경기도,컴퓨터및정보통신,289894880.0
2016-02,경기도,화장품및보건용품,378837420.0
2016-02,경상남도,서비스,288519840.0
2016-02,경상남도,컴퓨터및정보통신,72747080.0
2016-02,경상북도,식품,202188000.0
2016-02,경상북도,화학공업,60754240.0
2016-02,대구광역시,가정용품,443096640.0
2016-02,대구광역시,기초재,124682600.0
2016-02,대구광역시,산업기기,97924000.0
2016-02,대구광역시,서비스,1199252040.0
2016-02,대구광역시,화장품및보건용품,2113452120.0
2016-02,부산광역시,가정용품,89740800.0
2016-02,부산광역시,"건설,건재및부동산",2911032525.0
2016-02,부산광역시,서비스,2127636000.0
2016-02,부산광역시,수송기기,657632880.0
2016-02,부산광역시,패션,2847213600.0
2016-02,서울특별시,"건설,건재및부동산",2159638870.0
2016-02,서울특별시,서비스,117488280.0
2016-02,서울특별시,유통,50352120.0
2016-02,서울특별시,제약및의료,8928921900.0
2016-02,서울특별시,출판,1395157360.0
2016-02,서울특별시,컴퓨터및정보통신,189666960.0
2016-02,서울특별시,패션,69401640.0
2016-02,서울특별시,화장품및보건용품,11254530300.0
2016-02,인천광역시,가정용품,143821440.0
2016-02,전라남도,식품,11498641000.0
2016-02,전라북도,유통,680198400.0
2016-02,충청남도,식품,46110000.0
2016-02,충청남도,화장품및보건용품,57477420.0
2016-02,충청북도,산업기기,318364000.0
2016-02,충청북도,서비스,1236962160.0
2016-02,충청북도,식품,458913000.0
2016-03,경기도,"건설,건재및부동산",834387010.0
2016-03,경기도,산업기기,619041600.0
2016-03,경기도,서비스,220011960.0
2016-03,경기도,컴퓨터및정보통신,309984800.0
2016-03,경기도,화장품및보건용품,61441380.0
2016-03,경상남도,서비스,308417760.0
2016-03,경상남도,컴퓨터및정보통신,77764120.0
2016-03,경상북도,식품,216132000.0
2016-03,경상북도,화학공업,65343040.0
2016-03,대구광역시,가정용품,503405280.0
2016-03,대구광역시,기초재,133281400.0
2016-03,대구광역시,산업기기,106664800.0
2016-03,대구광역시,서비스,1301904240.0
2016-03,대구광역시,화장품및보건용품,2662760880.0
2016-03,부산광역시,가정용품,114364800.0
2016-03,부산광역시,서비스,2288681640.0
2016-03,부산광역시,수송기기,723063880.0
2016-03,서울특별시,가정용전기전자,815208100.0
2016-03,서울특별시,"건설,건재및부동산",2195624600.0
2016-03,서울특별시,서비스,125590920.0
2016-03,서울특별시,유통,53824680.0
2016-03,서울특별시,제약및의료,8848072450.0
2016-03,서울특별시,출판,893766180.0
2016-03,서울특별시,컴퓨터및정보통신,230341160.0
2016-03,서울특별시,패션,74187960.0
2016-03,서울특별시,화장품및보건용품,11951973540.0
2016-03,서울특별시,화학공업,131727680.0
2016-03,인천광역시,가정용품,261389520.0
2016-03,전라남도,식품,12388615000.0
2016-03,충청남도,식품,49290000.0
2016-03,충청북도,산업기기,339016000.0
2016-03,충청북도,서비스,1123115280.0
2016-04,경기도,가정용품,395776800.0
2016-04,경기도,"건설,건재및부동산",796275300.0
2016-04,경기도,산업기기,344372000.0
2016-04,경기도,서비스,334454400.0
2016-04,경기도,컴퓨터및정보통신,299939840.0
2016-04,경기도,패션,267300000.0
2016-04,경기도,화장품및보건용품,59459400.0
2016-04,경상남도,컴퓨터및정보통신,75255600.0
2016-04,경상북도,식품,503160000.0
2016-04,경상북도,화학공업,61181600.0
2016-04,광주광역시,서비스,20044993080.0
2016-04,대구광역시,가정용품,460041120.0
2016-04,대구광역시,기초재,87612000.0
2016-04,대구광역시,산업기기,97646400.0
2016-04,대구광역시,서비스,2121873600.0
2016-04,대구광역시,화장품및보건용품,2533775400.0
2016-04,부산광역시,가정용품,94939200.0
2016-04,부산광역시,서비스,900970560.0
2016-04,부산광역시,수송기기,688773670.0
2016-04,서울특별시,가정용전기전자,750038100.0
2016-04,서울특별시,"건설,건재및부동산",2213665360.0
2016-04,서울특별시,서비스,121539600.0
2016-04,서울특별시,유통,52088400.0
2016-04,서울특별시,제약및의료,7447912500.0
2016-04,서울특별시,출판,877624840.0
2016-04,서울특별시,패션,69401640.0
2016-04,서울특별시,화장품및보건용품,6975750600.0
2016-04,서울특별시,화학공업,58645440.0
2016-04,인천광역시,가정용품,104176800.0
2016-04,전라남도,식품,11707339000.0
2016-04,충청남도,식품,47700000.0
2016-04,충청북도,산업기기,328080000.0
2016-04,충청북도,서비스,1193021760.0
2016-05,경기도,가정용품,434850480.0
2016-05,경기도,"건설,건재및부동산",831659010.0
2016-05,경기도,산업기기,211930400.0
2016-05,경기도,서비스,414869280.0
2016-05,경기도,컴퓨터및정보통신,364792800.0
2016-05,경기도,패션,355328820.0
2016-05,경상남도,유통,142556400.0
2016-05,경상남도,컴퓨터및정보통신,77764120.0
2016-05,경상북도,식품,519932000.0
2016-05,경상북도,화학공업,61241600.0
2016-05,광주광역시,서비스,878955840.0
2016-05,대구광역시,가정용품,467238240.0
2016-05,대구광역시,기초재,90532400.0
2016-05,대구광역시,산업기기,99228000.0
2016-05,대구광역시,서비스,2858105040.0
2016-05,부산광역시,가정용품,94939200.0
2016-05,부산광역시,유통,258143760.0
2016-05,서울특별시,가정용전기전자,890805300.0
2016-05,서울특별시,가정용품,140706720.0
2016-05,서울특별시,"건설,건재및부동산",2272712920.0
2016-05,서울특별시,서비스,150745560.0
2016-05,서울특별시,유통,390369240.0
2016-05,서울특별시,제약및의료,8111748050.0
2016-05,서울특별시,출판,110199110.0
2016-05,서울특별시,화장품및보건용품,8402136600.0
2016-05,서울특별시,화학공업,61864320.0
2016-05,인천광역시,가정용품,129210480.0
2016-05,전라남도,서비스,1368828720.0
2016-05,전라남도,식품,12520450000.0
2016-05,충청남도,식품,49290000.0
2016-05,충청북도,산업기기,339016000.0
2016-05,충청북도,서비스,1311644880.0
2016-06,경기도,가정용품,449042400.0
2016-06,경기도,"건설,건재및부동산",699474700.0
2016-06,경기도,산업기기,220616000.0
2016-06,경기도,서비스,908812800.0
2016-06,경기도,컴퓨터및정보통신,352979840.0
2016-06,경기도,패션,25835886120.0
2016-06,경상남도,유통,353858400.0
2016-06,경상남도,컴퓨터및정보통신,75255600.0
2016-06,경상북도,"건설,건재및부동산",126077000.0
2016-06,경상북도,식품,294000000.0
2016-06,대구광역시,가정용전기전자,1468280100.0
2016-06,대구광역시,가정용품,487166400.0
2016-06,대구광역시,기초재,87612000.0
2016-06,대구광역시,산업기기,39840000.0
2016-06,대구광역시,서비스,2091532800.0
2016-06,부산광역시,가정용품,91108800.0
2016-06,부산광역시,서비스,5283104400.0
2016-06,부산광역시,유통,286826400.0
2016-06,서울특별시,"건설,건재및부동산",2204632580.0
2016-06,서울특별시,유통,375721200.0
2016-06,서울특별시,정밀기기및사무기기,1483358800.0
2016-06,서울특별시,제약및의료,1959506700.0
2016-06,서울특별시,출판,106644300.0
2016-06,서울특별시,패션,541269960.0
2016-06,서울특별시,화장품및보건용품,9147356400.0
2016-06,세종특별자치시,제약및의료,4610400000.0
2016-06,전라남도,서비스,1308543600.0
2016-06,전라남도,식품,12176676000.0
2016-06,충청남도,식품,47700000.0
2016-06,충청북도,산업기기,328080000.0
2016-06,충청북도,서비스,1479658320.0
2016-07,경기도,"건설,건재및부동산",662904000.0
2016-07,경기도,산업기기,113440000.0
2016-07,경기도,서비스,1478931720.0
2016-07,경기도,컴퓨터및정보통신,286688000.0
2016-07,경기도,패션,18255686460.0
2016-07,경상남도,유통,359326800.0
2016-07,경상북도,"건설,건재및부동산",137485000.0
2016-07,경상북도,식품,284921000.0
2016-07,대구광역시,가정용전기전자,1557528700.0
2016-07,대구광역시,가정용품,507296160.0
2016-07,대구광역시,기초재,97064100.0
2016-07,대구광역시,산업기기,45260000.0
2016-07,대구광역시,서비스,2191781760.0
2016-07,대전광역시,서비스,15946560.0
2016-07,부산광역시,가정용품,98769600.0
2016-07,부산광역시,서비스,12549600000.0
2016-07,부산광역시,유통,296387280.0
2016-07,서울특별시,"건설,건재및부동산",2284969700.0
2016-07,서울특별시,유통,388245240.0
2016-07,서울특별시,정밀기기및사무기기,2672154520.0
2016-07,서울특별시,제약및의료,2008488375.0
2016-07,서울특별시,출판,297565590.0
2016-07,서울특별시,컴퓨터및정보통신,667637600.0
2016-07,서울특별시,패션,616238700.0
2016-07,서울특별시,화장품및보건용품,7294232400.0
2016-07,세종특별자치시,제약및의료,4403850000.0
2016-07,전라남도,서비스,1656406920.0
2016-07,전라남도,식품,6206775000.0
2016-07,충청남도,식품,60690000.0
2016-07,충청북도,산업기기,232468000.0
2016-07,충청북도,서비스,576116520.0
2016-08,경기도,"건설,건재및부동산",490683810.0
2016-08,경기도,산업기기,139840000.0
2016-08,경기도,서비스,1534438920.0
2016-08,경기도,컴퓨터및정보통신,286688000.0
2016-08,경기도,패션,12856318530.0
2016-08,경상남도,유통,105732000.0
2016-08,경상북도,"건설,건재및부동산",243414170.0
2016-08,경상북도,식품,284921000.0
2016-08,대구광역시,가정용품,503445600.0
2016-08,대구광역시,기초재,97064100.0
2016-08,대구광역시,산업기기,45260000.0
2016-08,대구광역시,서비스,1113613200.0
2016-08,대구광역시,제약및의료,147928900.0
2016-08,대전광역시,서비스,82390560.0
2016-08,부산광역시,가정용품,135626400.0
2016-08,서울특별시,가정용품,129210480.0
2016-08,서울특별시,"건설,건재및부동산",2291763040.0
2016-08,서울특별시,서비스,3178316400.0
2016-08,서울특별시,유통,395783640.0
2016-08,서울특별시,정밀기기및사무기기,2746930720.0
2016-08,서울특별시,제약및의료,813981675.0
2016-08,서울특별시,출판,464483850.0
2016-08,서울특별시,컴퓨터및정보통신,1492164800.0
2016-08,서울특별시,패션,622605060.0
2016-08,서울특별시,화장품및보건용품,362700000.0
2016-08,전라남도,식품,4653031000.0
2016-08,충청남도,식품,61010000.0
2016-08,충청북도,산업기기,232468000.0
2016-08,충청북도,서비스,617253000.0
2016-09,경기도,가정용품,3195309600.0
2016-09,경기도,"건설,건재및부동산",425087500.0
2016-09,경기도,산업기기,133760000.0
2016-09,경기도,컴퓨터및정보통신,284784000.0
2016-09,경기도,패션,21373333080.0
2016-09,경상북도,"건설,건재및부동산",126424200.0
2016-09,경상북도,식품,270438000.0
2016-09,대구광역시,가정용품,455988960.0
2016-09,대구광역시,기초재,93933000.0
2016-09,대구광역시,산업기기,40880000.0
2016-09,대구광역시,서비스,2164122240.0
2016-09,대구광역시,제약및의료,143157000.0
2016-09,대전광역시,서비스,71959440.0
2016-09,부산광역시,가정용품,108244800.0
2016-09,부산광역시,서비스,504000000.0
2016-09,부산광역시,패션,5902273740.0
2016-09,서울특별시,가정용품,125042400.0
2016-09,서울특별시,"건설,건재및부동산",2285522120.0
2016-09,서울특별시,서비스,3751423200.0
2016-09,서울특별시,유통,417049200.0
2016-09,서울특별시,정밀기기및사무기기,2051131600.0
2016-09,서울특별시,제약및의료,3309018975.0
2016-09,서울특별시,출판,256000500.0
2016-09,서울특별시,패션,722577240.0
2016-09,서울특별시,화장품및보건용품,135462600.0
2016-09,전라남도,식품,4780820000.0
2016-09,충청남도,식품,57300000.0
2016-09,충청남도,제약및의료,3843920150.0
2016-09,충청북도,산업기기,242688000.0
2016-09,충청북도,서비스,597019920.0
2016-10,경기도,가정용품,3103473600.0
2016-10,경기도,"건설,건재및부동산",513282500.0
2016-10,경기도,산업기기,127680000.0
2016-10,경기도,컴퓨터및정보통신,286688000.0
2016-10,경기도,패션,21529957350.0
2016-10,경상북도,"건설,건재및부동산",130638340.0
2016-10,경상북도,식품,328972000.0
2016-10,대구광역시,가정용전기전자,3825829350.0
2016-10,대구광역시,기초재,97064100.0
2016-10,대구광역시,산업기기,43800000.0
2016-10,대구광역시,서비스,2474256960.0
2016-10,대구광역시,제약및의료,147928900.0
2016-10,대전광역시,서비스,141996120.0
2016-10,부산광역시,가정용품,136872000.0
2016-10,부산광역시,패션,11460675600.0
2016-10,서울특별시,가정용전기전자,196000000.0
2016-10,서울특별시,가정용품,129210480.0
2016-10,서울특별시,"건설,건재및부동산",2119272840.0
2016-10,서울특별시,서비스,5652859800.0
2016-10,서울특별시,유통,273909240.0
2016-10,서울특별시,정밀기기및사무기기,1677876200.0
2016-10,서울특별시,제약및의료,2047688250.0
2016-10,서울특별시,출판,187366480.0
2016-10,서울특별시,패션,698567100.0
2016-10,서울특별시,화장품및보건용품,147594720.0
2016-10,전라남도,서비스,346920.0
2016-10,전라남도,식품,3681430000.0
2016-10,충청남도,식품,59210000.0
2016-10,충청남도,제약및의료,6376578450.0
2016-10,충청북도,산업기기,140284000.0
2016-10,충청북도,서비스,630115080.0
2016-11,경기도,가정용품,1380240000.0
2016-11,경기도,"건설,건재및부동산",390195140.0
2016-11,경기도,산업기기,133760000.0
2016-11,경기도,컴퓨터및정보통신,277440000.0
2016-11,경기도,패션,15297008430.0
2016-11,경상북도,"건설,건재및부동산",126424200.0
2016-11,경상북도,식품,318360000.0
2016-11,대구광역시,기초재,93933000.0
2016-11,대구광역시,산업기기,43800000.0
2016-11,대구광역시,서비스,3744148800.0
2016-11,대구광역시,제약및의료,143157000.0
2016-11,대전광역시,서비스,137415600.0
2016-11,부산광역시,가정용품,193622400.0
2016-11,부산광역시,패션,9403816950.0
2016-11,서울특별시,가정용전기전자,196000000.0
2016-11,서울특별시,가정용품,125042400.0
2016-11,서울특별시,"건설,건재및부동산",2041040000.0
2016-11,서울특별시,서비스,6772827600.0
2016-11,서울특별시,정밀기기및사무기기,1638725200.0
2016-11,서울특별시,제약및의료,1669135650.0
2016-11,서울특별시,출판,181322400.0
2016-11,서울특별시,패션,732260760.0
2016-11,전라남도,식품,2641900000.0
2016-11,충청남도,식품,57300000.0
2016-11,충청남도,제약및의료,7342572000.0
2016-11,충청북도,산업기기,259080000.0
2016-11,충청북도,서비스,943956720.0
2016-12,경기도,가정용품,1597320000.0
2016-12,경기도,"건설,건재및부동산",357317470.0
2016-12,경기도,산업기기,162880000.0
2016-12,경기도,컴퓨터및정보통신,286688000.0
2016-12,경기도,패션,16341381540.0
2016-12,경상북도,"건설,건재및부동산",130638340.0
2016-12,경상북도,식품,328972000.0
2016-12,대구광역시,기초재,97064100.0
2016-12,대구광역시,산업기기,0.0
2016-12,대구광역시,서비스,2191781760.0
2016-12,대구광역시,제약및의료,147928900.0
2016-12,대전광역시,서비스,141996120.0
2016-12,부산광역시,가정용품,244380240.0
2016-12,부산광역시,패션,5647715370.0
2016-12,서울특별시,가정용전기전자,196000000.0
2016-12,서울특별시,가정용품,129210480.0
2016-12,서울특별시,"건설,건재및부동산",0.0
2016-12,서울특별시,교육및복지후생,523782000.0
2016-12,서울특별시,서비스,7719240900.0
2016-12,서울특별시,정밀기기및사무기기,1431213000.0
2016-12,서울특별시,제약및의료,0.0
2016-12,서울특별시,출판,264533850.0
2016-12,서울특별시,패션,754335120.0
2016-12,전라남도,식품,2660200000.0
2016-12,충청남도,식품,59210000.0
2016-12,충청남도,제약및의료,7615356975.0
2016-12,충청북도,서비스,1050703080.0
2017-01,경기도,"건설,건재및부동산",448515440.0
2017-01,경기도,산업기기,175344000.0
2017-01,경기도,컴퓨터및정보통신,267376000.0
2017-01,경상북도,"건설,건재및부동산",130638340.0
2017-01,경상북도,식품,328972000.0
2017-01,대구광역시,기초재,97064100.0
2017-01,대구광역시,산업기기,0.0
2017-01,대구광역시,서비스,2574734400.0
2017-01,대구광역시,제약및의료,147928900.0
2017-01,대전광역시,서비스,141996120.0
2017-01,부산광역시,가정용품,304406640.0
2017-01,부산광역시,서비스,168000000.0
2017-01,서울특별시,가정용전기전자,196000000.0
2017-01,서울특별시,가정용품,129210480.0
2017-01,서울특별시,교육및복지후생,3188106000.0
2017-01,서울특별시,서비스,8467220160.0
2017-01,서울특별시,제약및의료,0.0
2017-01,서울특별시,출판,2213019940.0
2017-01,서울특별시,패션,747968760.0
2017-01,서울특별시,화장품및보건용품,188260800.0
2017-01,충청남도,식품,59210000.0
2017-01,충청남도,제약및의료,6122742950.0
2017-01,충청북도,서비스,1065671040.0
2017-02,경기도,"건설,건재및부동산",250728000.0
2017-02,경기도,산업기기,182400000.0
2017-02,경기도,컴퓨터및정보통신,258944000.0
2017-02,경상북도,"건설,건재및부동산",117995920.0
2017-02,경상북도,식품,297136000.0
2017-02,대구광역시,기초재,87670800.0
2017-02,대구광역시,산업기기,0.0
2017-02,대구광역시,서비스,1406825280.0
2017-02,대전광역시,서비스,128254560.0
2017-02,부산광역시,서비스,672000000.0
2017-02,서울특별시,가정용전기전자,196000000.0
2017-02,서울특별시,교육및복지후생,639000000.0
2017-02,서울특별시,서비스,7447803720.0
2017-02,서울특별시,제약및의료,10370387600.0
2017-02,서울특별시,출판,2596818160.0
2017-02,서울특별시,패션,681745680.0
2017-02,충청남도,식품,53480000.0
2017-02,충청남도,제약및의료,6174026425.0
2017-02,충청북도,서비스,931203840.0
2017-03,경기도,"건설,건재및부동산",275912400.0
2017-03,경기도,산업기기,203680000.0
2017-03,경기도,컴퓨터및정보통신,286688000.0
2017-03,경상북도,"건설,건재및부동산",130638340.0
2017-03,경상북도,식품,328972000.0
2017-03,대구광역시,기초재,97064100.0
2017-03,대구광역시,산업기기,0.0
2017-03,대구광역시,서비스,1417268160.0
2017-03,대전광역시,서비스,141996120.0
2017-03,부산광역시,서비스,672000000.0
2017-03,서울특별시,가정용전기전자,196000000.0
2017-03,서울특별시,교육및복지후생,122400000.0
2017-03,서울특별시,서비스,8367252600.0
2017-03,서울특별시,제약및의료,22123859500.0
2017-03,서울특별시,출판,2875168770.0
2017-03,서울특별시,패션,198100980.0
2017-03,충청북도,서비스,1047936120.0
2017-04,경기도,"건설,건재및부동산",364935100.0
2017-04,경기도,유통,2139480000.0
2017-04,경기도,컴퓨터및정보통신,277440000.0
2017-04,경상북도,"건설,건재및부동산",126424200.0
2017-04,경상북도,식품,318360000.0
2017-04,대구광역시,기초재,93933000.0
2017-04,대구광역시,산업기기,0.0
2017-04,대구광역시,서비스,414892800.0
2017-04,대전광역시,서비스,137415600.0
2017-04,부산광역시,서비스,756000000.0
2017-04,서울특별시,가정용전기전자,196000000.0
2017-04,서울특별시,교육및복지후생,179781000.0
2017-04,서울특별시,서비스,8247649200.0
2017-04,서울특별시,제약및의료,23382412000.0
2017-04,서울특별시,출판,2782654700.0
2017-04,서울특별시,패션,184522800.0
2017-04,충청북도,서비스,664440000.0
2017-05,경기도,"건설,건재및부동산",374466670.0
2017-05,경기도,유통,652320000.0
2017-05,경기도,컴퓨터및정보통신,307768000.0
2017-05,경상북도,"건설,건재및부동산",130638340.0
2017-05,경상북도,식품,328972000.0
2017-05,대구광역시,기초재,97064100.0
2017-05,대구광역시,산업기기,0.0
2017-05,대구광역시,서비스,1230527760.0
2017-05,대전광역시,서비스,141996120.0
2017-05,부산광역시,서비스,756000000.0
2017-05,서울특별시,교육및복지후생,53837700.0
2017-05,서울특별시,서비스,17874690960.0
2017-05,서울특별시,제약및의료,17882224350.0
2017-05,서울특별시,출판,2944157540.0
2017-05,서울특별시,패션,188551440.0
2017-05,전라북도,"건설,건재및부동산",23813580.0
2017-05,제주특별자치도,서비스,33981701040.0
2017-05,충청북도,서비스,691540920.0
2017-06,경기도,"건설,건재및부동산",321262300.0
2017-06,경기도,유통,2027116800.0
2017-06,경상북도,"건설,건재및부동산",126424200.0
2017-06,경상북도,식품,318360000.0
2017-06,대구광역시,기초재,93933000.0
2017-06,대구광역시,서비스,1638050400.0
2017-06,대전광역시,서비스,137415600.0
2017-06,서울특별시,교육및복지후생,52101000.0
2017-06,서울특별시,서비스,31659487020.0
2017-06,서울특별시,제약및의료,11365494500.0
2017-06,서울특별시,출판,2759460500.0
2017-06,서울특별시,패션,241898580.0
2017-06,전라북도,"건설,건재및부동산",23045400.0
2017-06,제주특별자치도,서비스,63445425960.0
2017-06,충청북도,서비스,412020000.0
2017-07,경기도,유통,2632305600.0
2017-07,경기도,패션,19307260170.0
2017-07,경상북도,"건설,건재및부동산",130638340.0
2017-07,경상북도,식품,328972000.0
2017-07,대구광역시,기초재,97064100.0
2017-07,대구광역시,서비스,430510080.0
2017-07,대전광역시,서비스,141996120.0
2017-07,서울특별시,서비스,29721381900.0
2017-07,서울특별시,제약및의료,17083409650.0
2017-07,서울특별시,출판,2830956170.0
2017-07,서울특별시,패션,310177560.0
2017-07,전라북도,"건설,건재및부동산",23813580.0
2017-07,제주특별자치도,서비스,47995057740.0
2017-07,충청북도,서비스,1115906400.0
2017-08,경기도,유통,811080000.0
2017-08,경기도,패션,20685273510.0
2017-08,경상북도,"건설,건재및부동산",130638340.0
2017-08,경상북도,식품,328972000.0
2017-08,대구광역시,서비스,121033920.0
2017-08,서울특별시,서비스,3005326800.0
2017-08,서울특별시,제약및의료,18624401425.0
2017-08,서울특별시,패션,313360740.0
2017-08,서울특별시,화장품및보건용품,17545249800.0
2017-08,전라북도,"건설,건재및부동산",23813580.0
2017-08,제주특별자치도,서비스,19592231400.0
2017-08,충청북도,서비스,1166533200.0
2017-09,경기도,유통,1071360000.0
2017-09,경상북도,"건설,건재및부동산",126424200.0
2017-09,경상북도,식품,318360000.0
2017-09,서울특별시,서비스,1903944000.0
2017-09,서울특별시,정밀기기및사무기기,210987000.0
2017-09,서울특별시,제약및의료,37711005225.0
2017-09,서울특별시,출판,74678100.0
2017-09,서울특별시,패션,175051800.0
2017-09,전라북도,"건설,건재및부동산",23045400.0
2017-09,전라북도,유통,14225400.0
2017-09,충청북도,가정용품,1191882240.0
2017-10,경기도,"건설,건재및부동산",129562020.0
2017-10,경상북도,"건설,건재및부동산",130638340.0
2017-10,경상북도,식품,336784000.0
2017-10,대구광역시,서비스,139776000.0
2017-10,서울특별시,서비스,5326179600.0
2017-10,서울특별시,정밀기기및사무기기,221142460.0
2017-10,서울특별시,제약및의료,31419050225.0
2017-10,서울특별시,출판,154334740.0
2017-10,서울특별시,패션,541228380.0
2017-10,전라북도,"건설,건재및부동산",23813580.0
2017-10,전라북도,유통,31794840.0
2017-11,경기도,"건설,건재및부동산",125382600.0
2017-11,경기도,유통,1466640000.0
2017-11,경상북도,"건설,건재및부동산",126424200.0
2017-11,경상북도,식품,325920000.0
2017-11,대구광역시,서비스,129024000.0
2017-11,서울특별시,서비스,11060901600.0
2017-11,서울특별시,정밀기기및사무기기,218997400.0
2017-11,서울특별시,제약및의료,21594072350.0
2017-11,서울특별시,출판,3306854800.0
2017-11,서울특별시,패션,523769400.0
2017-11,전라북도,"건설,건재및부동산",23045400.0
2017-11,전라북도,유통,30769200.0
2017-12,경기도,유통,727920000.0
2017-12,경상북도,"건설,건재및부동산",130638340.0
2017-12,경상북도,식품,336784000.0
2017-12,서울특별시,서비스,9634876440.0
2017-12,서울특별시,정밀기기및사무기기,150130400.0
2017-12,서울특별시,제약및의료,30016830725.0
2017-12,서울특별시,출판,4440318460.0
2017-12,서울특별시,패션,422785440.0
2017-12,전라남도,서비스,2570853600.0
2017-12,전라북도,"건설,건재및부동산",23813580.0
2017-12,전라북도,유통,31794840.0
2017-12,충청북도,가정용품,37394640720.0
2018-01,경기도,"건설,건재및부동산",50116150.0
2018-01,경기도,패션,16744895970.0
2018-01,경상북도,"건설,건재및부동산",130638340.0
2018-01,경상북도,식품,336784000.0
2018-01,대전광역시,화학공업,77225120.0
2018-01,부산광역시,유통,867780000.0
2018-01,서울특별시,서비스,9037454160.0
2018-01,서울특별시,정밀기기및사무기기,166409600.0
2018-01,서울특별시,제약및의료,21983807125.0
2018-01,서울특별시,출판,77167370.0
2018-01,서울특별시,패션,498978480.0
2018-01,전라남도,서비스,2686278000.0
2018-01,전라북도,"건설,건재및부동산",23813580.0
2018-01,전라북도,서비스,325734360.0
2018-01,전라북도,유통,31794840.0
2018-01,충청북도,가정용품,31814329680.0
2018-02,경기도,"건설,건재및부동산",851768400.0
2018-02,경기도,패션,24735179700.0
2018-02,경상북도,"건설,건재및부동산",117995920.0
2018-02,경상북도,식품,304192000.0
2018-02,대전광역시,화학공업,69138560.0
2018-02,부산광역시,유통,713376000.0
2018-02,서울특별시,서비스,7924380240.0
2018-02,서울특별시,정밀기기및사무기기,144704000.0
2018-02,서울특별시,제약및의료,38356034100.0
2018-02,서울특별시,출판,69699560.0
2018-02,서울특별시,패션,832560960.0
2018-02,전라남도,서비스,2413387200.0
2018-02,전라북도,"건설,건재및부동산",21509040.0
2018-02,전라북도,서비스,294211680.0
2018-02,전라북도,유통,28717920.0
2018-02,충청북도,가정용품,4464698400.0
2018-03,경기도,"건설,건재및부동산",1269886170.0
2018-03,경기도,유통,330480000.0
2018-03,경기도,패션,3623496360.0
2018-03,경상북도,"건설,건재및부동산",130638340.0
2018-03,경상북도,식품,336784000.0
2018-03,대전광역시,화학공업,76169120.0
2018-03,부산광역시,유통,755892000.0
2018-03,서울특별시,서비스,9401064960.0
2018-03,서울특별시,제약및의료,28224754900.0
2018-03,서울특별시,패션,917217840.0
2018-03,전라북도,"건설,건재및부동산",23813580.0
2018-03,전라북도,서비스,522232200.0
2018-03,충청북도,가정용품,10128650400.0
2018-04,경기도,"건설,건재및부동산",499664200.0
2018-04,경기도,유통,1794960000.0
2018-04,경기도,패션,19005877770.0
2018-04,경상북도,"건설,건재및부동산",126424200.0
2018-04,경상북도,식품,299460000.0
2018-04,대전광역시,화학공업,66849600.0
2018-04,부산광역시,유통,625716000.0
2018-04,서울특별시,서비스,9161644800.0
2018-04,서울특별시,유통,4367365560.0
2018-04,서울특별시,제약및의료,19601754800.0
2018-04,서울특별시,패션,892029600.0
2018-04,전라북도,"건설,건재및부동산",23045400.0
2018-04,전라북도,서비스,252781200.0
2018-04,충청북도,가정용품,207089280.0
2018-05,경기도,"건설,건재및부동산",474902330.0
2018-05,경기도,패션,18235472310.0
2018-05,경상북도,"건설,건재및부동산",130638340.0
2018-05,경상북도,식품,309442000.0
2018-05,대전광역시,화학공업,69834720.0
2018-05,부산광역시,유통,726264000.0
2018-05,서울특별시,서비스,6889884120.0
2018-05,서울특별시,유통,18175763880.0
2018-05,서울특별시,제약및의료,19167740125.0
2018-05,서울특별시,패션,921763920.0
2018-05,전라북도,"건설,건재및부동산",23813580.0
2018-05,전라북도,서비스,261207240.0
2018-06,경기도,"건설,건재및부동산",7597489300.0
2018-06,경상북도,"건설,건재및부동산",126424200.0
2018-06,경상북도,식품,299460000.0
2018-06,대전광역시,화학공업,66321600.0
2018-06,부산광역시,유통,607536000.0
2018-06,서울특별시,서비스,4251357600.0
2018-06,서울특별시,유통,2536645680.0
2018-06,서울특별시,제약및의료,6314514000.0
2018-06,서울특별시,패션,892029600.0
2018-06,전라북도,"건설,건재및부동산",23045400.0
2018-06,전라북도,서비스,315226800.0
2018-06,충청남도,화장품및보건용품,5067815610.0
2018-07,경기도,"건설,건재및부동산",4777031800.0
2018-07,경상북도,"건설,건재및부동산",130638340.0
2018-07,경상북도,식품,309442000.0
2018-07,대전광역시,화학공업,68583680.0
2018-07,부산광역시,유통,875232000.0
2018-07,서울특별시,서비스,7643889120.0
2018-07,서울특별시,유통,4414386960.0
2018-07,서울특별시,제약및의료,6167661200.0
2018-07,서울특별시,패션,938198580.0
2018-07,전라북도,"건설,건재및부동산",23813580.0
2018-07,전라북도,서비스,325734360.0
2018-07,충청북도,가정용품,297792000.0
2018-08,경기도,"건설,건재및부동산",388191300.0
2018-08,경상북도,"건설,건재및부동산",130638340.0
2018-08,경상북도,식품,309442000.0
2018-08,대전광역시,화학공업,70269280.0
2018-08,부산광역시,유통,765108000.0
2018-08,서울특별시,서비스,8162453880.0
2018-08,서울특별시,유통,4450840560.0
2018-08,서울특별시,제약및의료,6162289200.0
2018-08,서울특별시,패션,933651180.0
2018-08,서울특별시,화장품및보건용품,2615311530.0
2018-08,전라북도,"건설,건재및부동산",23813580.0
2018-08,전라북도,서비스,325734360.0
2018-08,충청북도,가정용품,1050184800.0
2018-09,경기도,"건설,건재및부동산",304993500.0
2018-09,경상북도,"건설,건재및부동산",126424200.0
2018-09,경상북도,식품,299460000.0
2018-09,대전광역시,화학공업,84739200.0
2018-09,부산광역시,유통,622800000.0
2018-09,서울특별시,서비스,9080556240.0
2018-09,서울특별시,유통,11940094800.0
2018-09,서울특별시,제약및의료,6535497000.0
2018-09,서울특별시,패션,903533400.0
2018-09,서울특별시,화장품및보건용품,10247883750.0
2018-09,전라북도,"건설,건재및부동산",23045400.0
2018-09,전라북도,서비스,315226800.0
2018-09,충청북도,가정용품,1007834400.0
2018-10,경기도,"건설,건재및부동산",356854330.0
2018-10,경기도,패션,4193201760.0
2018-10,경상북도,"건설,건재및부동산",130638340.0
2018-10,경상북도,식품,309442000.0
2018-10,대전광역시,화학공업,83325920.0
2018-10,부산광역시,유통,688248000.0
2018-10,서울특별시,서비스,6838742400.0
2018-10,서울특별시,유통,2796132960.0
2018-10,서울특별시,제약및의료,7131517000.0
2018-10,서울특별시,패션,563713920.0
2018-10,인천광역시,출판,3605687600.0
2018-10,전라북도,"건설,건재및부동산",23813580.0
2018-10,전라북도,서비스,325734360.0
2018-10,충청북도,가정용품,825840000.0
2018-11,경기도,"건설,건재및부동산",256884600.0
2018-11,경기도,컴퓨터및정보통신,1418289600.0
2018-11,경기도,패션,4086614400.0
2018-11,경상북도,"건설,건재및부동산",126424200.0
2018-11,경상북도,식품,299460000.0
2018-11,대전광역시,화학공업,79905600.0
2018-11,부산광역시,유통,607968000.0
2018-11,서울특별시,서비스,5218609200.0
2018-11,서울특별시,유통,13486885200.0
2018-11,서울특별시,제약및의료,6393020000.0
2018-11,서울특별시,패션,543626160.0
2018-11,서울특별시,화장품및보건용품,4533222330.0
2018-11,인천광역시,출판,2977698400.0
2018-11,전라남도,서비스,231436800.0
2018-11,전라북도,"건설,건재및부동산",23045400.0
2018-11,전라북도,서비스,315226800.0
2018-11,충청북도,가정용품,861696000.0
2018-12,경기도,컴퓨터및정보통신,1434725880.0
2018-12,경기도,패션,4622344320.0
2018-12,경상북도,"건설,건재및부동산",130638340.0
2018-12,경상북도,식품,309442000.0
2018-12,대전광역시,화학공업,89471840.0
2018-12,부산광역시,유통,560592000.0
2018-12,서울특별시,서비스,4706834160.0
2018-12,서울특별시,유통,13108775760.0
2018-12,서울특별시,제약및의료,6948937000.0
2018-12,서울특별시,패션,556229520.0
2018-12,전라북도,"건설,건재및부동산",23813580.0
2018-12,전라북도,서비스,261207240.0
2018-12,충청북도,가정용품,859536000.0
2019-01,경기도,컴퓨터및정보통신,1434725880.0
2019-01,경기도,패션,1178123760.0
2019-01,경상북도,"건설,건재및부동산",130638340.0
2019-01,경상북도,식품,309442000.0
2019-01,대전광역시,화학공업,90527840.0
2019-01,서울특별시,서비스,6418303080.0
2019-01,서울특별시,유통,14928294240.0
2019-01,서울특별시,제약및의료,47982719725.0
2019-01,서울특별시,패션,681038820.0
2019-01,전라북도,"건설,건재및부동산",23813580.0
2019-01,전라북도,서비스,261207240.0
2019-01,충청북도,가정용품,934416000.0
2019-02,경기도,컴퓨터및정보통신,1318005920.0
2019-02,경기도,패션,1101650880.0
2019-02,경상북도,"건설,건재및부동산",117995920.0
2019-02,경상북도,식품,279496000.0
2019-02,대전광역시,화학공업,69909120.0
2019-02,부산광역시,유통,439434000.0
2019-02,서울특별시,서비스,7560013440.0
2019-02,서울특별시,유통,12157300800.0
2019-02,서울특별시,제약및의료,51132390475.0
2019-02,서울특별시,출판,136027920.0
2019-02,서울특별시,패션,452523060.0
2019-02,전라북도,"건설,건재및부동산",21509040.0
2019-02,전라북도,서비스,235929120.0
2019-02,충청북도,가정용품,749736000.0
2019-03,경기도,컴퓨터및정보통신,1197108720.0
2019-03,경기도,패션,1147499760.0
2019-03,경상북도,"건설,건재및부동산",129700900.0
2019-03,경상북도,식품,309442000.0
2019-03,대전광역시,화학공업,76494240.0
2019-03,부산광역시,유통,491119200.0
2019-03,서울특별시,서비스,9255436680.0
2019-03,서울특별시,제약및의료,47846592225.0
2019-03,서울특별시,출판,150602340.0
2019-03,서울특별시,패션,498978480.0
2019-03,전라북도,"건설,건재및부동산",23813580.0
2019-03,전라북도,서비스,261207240.0
2019-03,충청북도,가정용품,1018656000.0
2019-04,경기도,컴퓨터및정보통신,1330120800.0
2019-04,경기도,패션,1132216800.0
2019-04,경상북도,"건설,건재및부동산",126424200.0
2019-04,대구광역시,서비스,1199041200.0
2019-04,대전광역시,화학공업,75355200.0
2019-04,부산광역시,유통,474850800.0
2019-04,서울특별시,서비스,5879521200.0
2019-04,서울특별시,제약및의료,57225952925.0
2019-04,서울특별시,출판,145744200.0
2019-04,서울특별시,패션,482882400.0
2019-04,전라북도,"건설,건재및부동산",23045400.0
2019-04,전라북도,서비스,252781200.0
2019-04,충청북도,가정용품,2556394560.0
2019-05,경기도,컴퓨터및정보통신,1613763760.0
2019-05,경기도,패션,1300619760.0
2019-05,경상북도,"건설,건재및부동산",130638340.0
2019-05,대구광역시,서비스,973023240.0
2019-05,대전광역시,화학공업,77550240.0
2019-05,부산광역시,유통,493444800.0
2019-05,서울특별시,서비스,7204319640.0
2019-05,서울특별시,제약및의료,7069994000.0
2019-05,서울특별시,패션,595679700.0
2019-05,전라북도,"건설,건재및부동산",23813580.0
2019-05,전라북도,서비스,261207240.0
2019-05,충청북도,가정용품,2177236800.0
2019-06,경기도,컴퓨터및정보통신,1477552960.0
2019-06,경기도,패션,904345200.0
2019-06,대구광역시,서비스,931400400.0
2019-06,대구광역시,화장품및보건용품,716710800.0
2019-06,대전광역시,화학공업,106688480.0
2019-06,부산광역시,유통,474937200.0
2019-06,서울특별시,서비스,5954835600.0
2019-06,서울특별시,유통,5791680000.0
2019-06,서울특별시,제약및의료,6721256000.0
2019-06,전라북도,"건설,건재및부동산",23045400.0
2019-06,전라북도,서비스,252781200.0
2019-06,충청북도,가정용품,2569406400.0
2019-07,경기도,가정용품,651833280.0
2019-07,경기도,컴퓨터및정보통신,1611862480.0
2019-07,경기도,패션,1001862840.0
2019-07,대구광역시,화장품및보건용품,743497560.0
2019-07,대전광역시,화학공업,81897440.0
2019-07,부산광역시,유통,492962400.0
2019-07,서울특별시,서비스,8486850120.0
2019-07,서울특별시,제약및의료,7068753000.0
2019-07,서울특별시,출판,173247000.0
2019-07,전라북도,"건설,건재및부동산",23813580.0
2019-07,전라북도,서비스,261207240.0
2019-07,충청북도,가정용품,3771299520.0
2019-08,경기도,가정용품,651833280.0
2019-08,경기도,컴퓨터및정보통신,814452320.0
2019-08,경기도,패션,1001862840.0
2019-08,대구광역시,화장품및보건용품,743497560.0
2019-08,대전광역시,화학공업,80841440.0
2019-08,부산광역시,유통,494330400.0
2019-08,서울특별시,가정용전기전자,87934910.0
2019-08,서울특별시,서비스,9511886160.0
2019-08,서울특별시,제약및의료,7074125000.0
2019-08,서울특별시,출판,195263000.0
2019-08,전라북도,"건설,건재및부동산",23813580.0
2019-08,전라북도,서비스,261207240.0
2019-08,충청북도,가정용품,3317162400.0
2019-09,경기도,가정용품,630806400.0
2019-09,경기도,컴퓨터및정보통신,807702640.0
2019-09,경기도,패션,19906425000.0
2019-09,대구광역시,화장품및보건용품,764793900.0
2019-09,대전광역시,화학공업,78523200.0
2019-09,부산광역시,유통,470613600.0
2019-09,서울특별시,서비스,4084942680.0
2019-09,서울특별시,유통,12582000000.0
2019-09,서울특별시,제약및의료,36291161400.0
2019-09,서울특별시,컴퓨터및정보통신,10384864800.0
2019-09,전라북도,"건설,건재및부동산",23045400.0
2019-09,전라북도,서비스,423360000.0
2019-09,충청남도,화장품및보건용품,3433575600.0
2019-09,충청북도,가정용품,3184643520.0
2019-10,경기도,가정용품,649988640.0
2019-10,경기도,컴퓨터및정보통신,851472880.0
2019-10,경기도,패션,40272119910.0
2019-10,대구광역시,식품,93093000.0
2019-10,대구광역시,화장품및보건용품,725962380.0
2019-10,대전광역시,화학공업,81661120.0
2019-10,부산광역시,유통,465523200.0
2019-10,서울특별시,서비스,1454575080.0
2019-10,서울특별시,유통,20581034400.0
2019-10,서울특별시,제약및의료,32525539000.0
2019-10,전라북도,"건설,건재및부동산",23813580.0
2019-10,전라북도,서비스,407760360.0
2019-10,충청남도,화장품및보건용품,4836692640.0
2019-10,충청북도,가정용품,3091839840.0
2019-11,경기도,가정용품,1235678400.0
2019-11,경기도,컴퓨터및정보통신,777431760.0
2019-11,경기도,패션,46866658740.0
2019-11,대구광역시,식품,253890000.0
2019-11,대구광역시,화장품및보건용품,718036800.0
2019-11,대전광역시,화학공업,88108800.0
2019-11,부산광역시,유통,472230000.0
2019-11,서울특별시,서비스,1284544800.0
2019-11,서울특별시,유통,1723816800.0
2019-11,서울특별시,제약및의료,37736243000.0
2019-11,전라북도,"건설,건재및부동산",23045400.0
2019-11,전라북도,서비스,394606800.0
2019-11,충청남도,화장품및보건용품,4287722400.0
2019-11,충청북도,가정용품,3104091360.0
2019-12,경기도,가정용품,1276156800.0
2019-12,경기도,컴퓨터및정보통신,814452320.0
2019-12,경기도,패션,4534969890.0
2019-12,대구광역시,식품,262353000.0
2019-12,대구광역시,화장품및보건용품,774109440.0
2019-12,대전광역시,화학공업,91820160.0
2019-12,부산광역시,유통,514371600.0
2019-12,서울특별시,서비스,1595280960.0
2019-12,서울특별시,유통,1779501600.0
2019-12,서울특별시,제약및의료,41808491000.0
2019-12,전라북도,"건설,건재및부동산",23813580.0
2019-12,전라북도,서비스,407760360.0
2019-12,충청북도,가정용품,1158252480.0
2020-01,경기도,가정용품,1166155200.0
2020-01,경기도,컴퓨터및정보통신,1992047760.0
2020-01,대구광역시,화장품및보건용품,809072160.0
2020-01,대전광역시,화학공업,60114880.0
2020-01,부산광역시,유통,491119200.0
2020-01,서울특별시,서비스,1244376840.0
2020-01,서울특별시,제약및의료,40786179000.0
2020-01,전라북도,"건설,건재및부동산",23813580.0
2020-01,전라북도,서비스,435466920.0
2020-01,충청북도,가정용품,1022112000.0
2020-02,경기도,가정용품,738442080.0
2020-02,경기도,컴퓨터및정보통신,1699075200.0
2020-02,경기도,패션,2916343320.0
2020-02,대구광역시,식품,179900000.0
2020-02,대구광역시,화장품및보건용품,723028800.0
2020-02,대전광역시,화학공업,55929920.0
2020-02,부산광역시,유통,459637200.0
2020-02,서울특별시,서비스,989585520.0
2020-02,전라북도,"건설,건재및부동산",22277220.0
2020-02,전라북도,서비스,407372280.0
2020-02,충청남도,화장품및보건용품,1234428000.0
2020-03,경기도,가정용품,793645920.0
2020-03,경기도,컴퓨터및정보통신,2409517440.0
2020-03,경기도,패션,3155545800.0
2020-03,대구광역시,식품,278845000.0
2020-03,대구광역시,화장품및보건용품,774109440.0
2020-03,대전광역시,화학공업,60114880.0
2020-03,부산광역시,유통,491119200.0
2020-03,서울특별시,서비스,2707611480.0
2020-03,전라북도,"건설,건재및부동산",23813580.0
2020-03,전라북도,서비스,435466920.0
2020-03,충청남도,화장품및보건용품,1445964000.0
2020-04,경기도,가정용품,509760000.0
2020-04,경기도,음료및기호식품,2321760000.0
2020-04,경기도,컴퓨터및정보통신,2329984640.0
2020-04,경기도,패션,3097163520.0
2020-04,대구광역시,식품,80955000.0
2020-04,대구광역시,화장품및보건용품,757323840.0
2020-04,대전광역시,화학공업,58550400.0
2020-04,부산광역시,유통,472230000.0
2020-04,서울특별시,서비스,2446424400.0
2020-04,서울특별시,유통,12252060000.0
2020-04,전라북도,"건설,건재및부동산",23045400.0
2020-04,충청남도,화장품및보건용품,1445964000.0
2020-05,경기도,가정용품,1135814400.0
2020-05,경기도,컴퓨터및정보통신,2345907520.0
2020-05,경기도,패션,3274465920.0
2020-05,대구광역시,화장품및보건용품,772292820.0
2020-05,대전광역시,화학공업,24368480.0
2020-05,부산광역시,유통,496361520.0
2020-05,서울특별시,서비스,2582065920.0
2020-05,서울특별시,유통,13338000000.0
2020-06,경기도,가정용품,1094932800.0
2020-06,경기도,컴퓨터및정보통신,2332783520.0
2020-06,경기도,패션,3307806480.0
2020-06,대구광역시,화장품및보건용품,750381840.0
2020-06,대전광역시,화학공업,23582400.0
2020-06,부산광역시,유통,475110000.0
2020-06,서울특별시,서비스,48765202080.0
2020-06,서울특별시,출판,61587205370.0
2020-07,경기도,패션,3106473480.0
2020-07,대구광역시,화장품및보건용품,775922160.0
2020-07,대전광역시,화학공업,24368480.0
2020-07,부산광역시,유통,494121600.0
2020-07,서울특별시,서비스,13301667540.0
2020-07,서울특별시,출판,68750116560.0
2020-08,대구광역시,화장품및보건용품,772296720.0
2020-08,대전광역시,화학공업,24368480.0
2020-08,부산광역시,유통,495597600.0
2020-08,서울특별시,서비스,3385616640.0
2020-08,서울특별시,출판,29375880000.0
2020-08,서울특별시,컴퓨터및정보통신,448691880.0
2020-09,경기도,패션,37959299400.0
2020-09,대구광역시,화장품및보건용품,758961840.0
2020-09,대전광역시,화학공업,23582400.0
2020-09,부산광역시,유통,505580400.0
2020-09,서울특별시,서비스,1370628000.0
2020-09,서울특별시,출판,1262867000.0
2020-10,경기도,패션,39288874350.0
2020-10,대구광역시,화장품및보건용품,800629440.0
2020-10,대전광역시,화학공업,27002400.0
2020-10,부산광역시,유통,498549600.0
2020-10,서울특별시,서비스,3336085200.0
2020-10,충청남도,그룹및기업광고,62778100.0
2020-11,경기도,패션,16554001200.0
2020-11,대구광역시,화장품및보건용품,748569120.0
2020-11,대전광역시,화학공업,27330240.0
2020-11,부산광역시,유통,472230000.0
2020-11,서울특별시,서비스,1805580000.0
2020-11,충청남도,그룹및기업광고,60753000.0
2020-12,경기도,패션,7912279320.0
2020-12,대구광역시,화장품및보건용품,775922160.0
2020-12,대전광역시,화학공업,28724640.0
2020-12,부산광역시,유통,491119200.0
2020-12,서울특별시,서비스,1852116000.0
2020-12,충청남도,그룹및기업광고,62778100.0
2021-01,대구광역시,화장품및보건용품,909916020.0
2021-01,부산광역시,패션,6681898080.0
2021-01,서울특별시,서비스,1552236000.0
2021-01,충청남도,그룹및기업광고,34587630.0
2021-02,경기도,가정용품,176726459160.0
2021-02,대구광역시,화장품및보건용품,838234800.0
2021-02,부산광역시,패션,6157438320.0
2021-02,서울특별시,서비스,2351916000.0
2021-02,충청남도,그룹및기업광고,31240440.0
2021-03,경기도,가정용품,83685101400.0
2021-03,경기도,서비스,6424272540.0
2021-03,경기도,패션,20928709560.0
2021-03,대구광역시,화장품및보건용품,918946860.0
2021-03,부산광역시,패션,6669820080.0
2021-03,서울특별시,서비스,4108750800.0
2021-03,충청남도,그룹및기업광고,34587630.0
2021-04,경기도,가정용품,46587643560.0
2021-04,경기도,서비스,20390598900.0
2021-04,경기도,패션,21970081320.0
2021-04,경상남도,산업기기,149940000.0
2021-04,대구광역시,화장품및보건용품,888792840.0
2021-04,부산광역시,패션,6511875480.0
2021-04,서울특별시,서비스,3223105200.0
2021-04,충청남도,그룹및기업광고,64564500.0
2021-05,경기도,가정용품,3485865600.0
2021-05,경기도,패션,8488473840.0
2021-05,경상남도,산업기기,154938000.0
2021-05,대구광역시,화장품및보건용품,915321420.0
2021-05,부산광역시,패션,6666590040.0
2021-05,서울특별시,서비스,3303157200.0
2021-05,서울특별시,유통,50570207820.0
2021-05,충청남도,그룹및기업광고,66716650.0
2021-06,경기도,가정용품,3431347200.0
2021-06,경기도,패션,8292876240.0
2021-06,경상남도,산업기기,149940000.0
2021-06,대구광역시,화장품및보건용품,177298680.0
2021-06,서울특별시,서비스,6587523600.0
2021-06,서울특별시,유통,55412076780.0
2021-06,충청남도,그룹및기업광고,64564500.0
2021-07,경기도,가정용품,3548376000.0
2021-07,경기도,패션,26429897010.0
2021-07,경상남도,산업기기,154938000.0
2021-07,서울특별시,서비스,3273891600.0
2021-07,서울특별시,유통,38439483120.0
2021-08,경기도,가정용품,25234902720.0
2021-08,경기도,패션,6001654890.0
2021-08,경상남도,산업기기,154938000.0
2021-08,대구광역시,서비스,2748253200.0
2021-08,서울특별시,유통,43803629460.0
2021-09,경기도,가정용품,43748456400.0
2021-09,경기도,패션,21527947650.0
2021-09,경상남도,산업기기,149940000.0
2021-09,대구광역시,서비스,4359138000.0
2021-09,서울특별시,유통,26575044300.0
2021-09,서울특별시,제약및의료,1955884000.0
2021-10,경기도,가정용품,2718305280.0
2021-10,경상남도,산업기기,154938000.0
2021-10,서울특별시,서비스,104264160.0
2021-10,서울특별시,제약및의료,1852116000.0
2021-11,경기도,가정용품,2535045120.0
2021-11,경상남도,산업기기,149940000.0
2021-11,서울특별시,서비스,189453600.0
2021-11,서울특별시,제약및의료,2068041500.0
2021-12,경기도,가정용품,2605651200.0
2021-12,경기도,서비스,4274793180.0
2021-12,경상남도,산업기기,154938000.0
2021-12,대구광역시,서비스,882829080.0
2021-12,서울특별시,제약및의료,1818498500.0
2022-01,강원도,그룹및기업광고,116023600.0
2022-01,경기도,가정용품,2696515200.0
2022-01,경기도,서비스,9519094620.0
2022-01,경상남도,산업기기,154938000.0
2022-01,서울특별시,교육및복지후생,22764044700.0
2022-01,서울특별시,그룹및기업광고,4245396980.0
2022-01,서울특별시,서비스,251181840.0
2022-01,인천광역시,서비스,4051320.0
2022-02,경기도,가정용품,3471706080.0
2022-02,경상남도,산업기기,139944000.0
2022-02,부산광역시,서비스,767810400.0
2022-02,서울특별시,가정용전기전자,39572400.0
2022-02,서울특별시,가정용품,1008725760.0
2022-02,서울특별시,교육및복지후생,12181998300.0
2022-02,서울특별시,그룹및기업광고,3575807510.0
2022-02,인천광역시,서비스,295364160.0
2022-02,전라남도,식품,19768000.0
2022-03,경기도,가정용품,35180745120.0
2022-03,경기도,수송기기,1707778600.0
2022-03,경기도,패션,796950000.0
2022-03,경상남도,산업기기,154938000.0
2022-03,경상북도,식품,1999480000.0
2022-03,대전광역시,화장품및보건용품,492447540.0
2022-03,부산광역시,서비스,1244678400.0
2022-03,서울특별시,가정용품,1116803520.0
2022-03,서울특별시,교육및복지후생,11241086850.0
2022-03,서울특별시,그룹및기업광고,192159220.0
2022-03,서울특별시,"금융,보험및증권",5168764980.0
2022-03,서울특별시,서비스,23533579440.0
2022-03,서울특별시,화장품및보건용품,7455973200.0
2022-03,인천광역시,산업기기,237745200.0
2022-03,인천광역시,서비스,327010320.0
2022-04,경기도,가정용품,11208987360.0
2022-04,경기도,수송기기,1986825000.0
2022-04,경기도,화장품및보건용품,15755714910.0
2022-04,경상남도,산업기기,149940000.0
2022-04,대전광역시,화장품및보건용품,466633440.0
2022-04,부산광역시,서비스,1519686000.0
2022-04,서울특별시,가정용품,1080777600.0
2022-04,서울특별시,교육및복지후생,939727770.0
2022-04,서울특별시,그룹및기업광고,196730600.0
2022-04,서울특별시,서비스,39783796500.0
2022-04,서울특별시,식품,19321900000.0
2022-04,서울특별시,화장품및보건용품,8194867200.0
2022-04,인천광역시,산업기기,236040000.0
2022-04,인천광역시,서비스,316461600.0
2022-05,경기도,가정용품,13225838400.0
2022-05,경기도,서비스,89024047560.0
2022-05,경기도,제약및의료,5538124000.0
2022-05,경기도,화장품및보건용품,16282999200.0
2022-05,경상남도,산업기기,154938000.0
2022-05,경상북도,기초재,59721200.0
2022-05,광주광역시,서비스,2415757680.0
2022-05,대전광역시,화장품및보건용품,484555500.0
2022-05,서울특별시,가정용품,1343039040.0
2022-05,서울특별시,그룹및기업광고,732644220.0
2022-05,서울특별시,서비스,48012483540.0
2022-05,서울특별시,식품,22761600000.0
2022-05,서울특별시,화장품및보건용품,13587663960.0
2022-05,인천광역시,산업기기,243908000.0
2022-06,경기도,가정용품,58126384800.0
2022-06,경기도,서비스,104692326900.0
2022-06,경기도,제약및의료,5526921000.0
2022-06,경상남도,산업기기,149940000.0
2022-06,경상북도,기초재,81438000.0
2022-06,광주광역시,서비스,2326867200.0
2022-06,대구광역시,유통,396522000.0
2022-06,대구광역시,출판,1035827000.0
2022-06,서울특별시,가정용품,2282515200.0
2022-06,서울특별시,그룹및기업광고,548273000.0
2022-06,서울특별시,서비스,5589427200.0
2022-06,서울특별시,식품,24176800000.0
2022-06,서울특별시,유통,62521200.0
2022-06,서울특별시,제약및의료,2710820000.0
2022-06,서울특별시,컴퓨터및정보통신,1738080000.0
2022-06,서울특별시,화장품및보건용품,121048200.0
2022-06,인천광역시,산업기기,210000000.0
2022-07,경기도,가정용전기전자,16467053435.0
2022-07,경기도,가정용품,7071372000.0
2022-07,경기도,그룹및기업광고,38526180.0
2022-07,경기도,서비스,25818649920.0
2022-07,경기도,컴퓨터및정보통신,1181317760.0
2022-07,경상남도,산업기기,154938000.0
2022-07,경상북도,기초재,84152600.0
2022-07,광주광역시,서비스,2412053280.0
2022-07,대구광역시,유통,409739400.0
2022-07,대구광역시,출판,2359308520.0
2022-07,서울특별시,가정용품,1343039040.0
2022-07,서울특별시,그룹및기업광고,38121451005.0
2022-07,서울특별시,서비스,3544363200.0
2022-07,서울특별시,식품,228573573000.0
2022-07,서울특별시,유통,64605240.0
2022-07,서울특별시,컴퓨터및정보통신,1205844000.0
2022-07,세종특별자치시,서비스,250084800.0
2022-07,인천광역시,산업기기,237745200.0
2022-07,인천광역시,화장품및보건용품,701235600.0
2022-07,충청남도,수송기기,238987760.0
2022-08,경기도,가정용품,8014687200.0
2022-08,경기도,그룹및기업광고,242834900.0
2022-08,경기도,서비스,3555451200.0
2022-08,경기도,컴퓨터및정보통신,1211047360.0
2022-08,경상남도,산업기기,154938000.0
2022-08,경상남도,식품,105467617000.0
2022-08,경상북도,식품,350238000.0
2022-08,대구광역시,유통,409739400.0
2022-08,대구광역시,출판,2357932520.0
2022-08,부산광역시,식품,568757000.0
2022-08,서울특별시,가정용품,1265544000.0
2022-08,서울특별시,교육및복지후생,2324430000.0
2022-08,서울특별시,그룹및기업광고,9329736185.0
2022-08,서울특별시,서비스,3862534200.0
2022-08,서울특별시,식품,156631876000.0
2022-08,서울특별시,유통,64605240.0
2022-08,서울특별시,컴퓨터및정보통신,1110032000.0
2022-08,서울특별시,화장품및보건용품,68699424300.0
2022-08,세종특별자치시,서비스,275417520.0
2022-08,울산광역시,유통,35113886460.0
2022-08,인천광역시,산업기기,237745200.0
2022-08,인천광역시,화장품및보건용품,1216706400.0
2022-08,전라남도,제약및의료,9060678700.0
2022-08,전라북도,식품,3578900000.0
2022-09,경기도,가정용품,13453682400.0
2022-09,경기도,그룹및기업광고,186179400.0
2022-09,경상남도,산업기기,149940000.0
2022-09,경상남도,서비스,130483080.0
2022-09,경상남도,식품,133930521500.0
2022-09,경상북도,식품,338940000.0
2022-09,대구광역시,식품,27812653500.0
2022-09,대구광역시,유통,396522000.0
2022-09,대구광역시,출판,2241082600.0
2022-09,대전광역시,정밀기기및사무기기,17062560.0
2022-09,대전광역시,화장품및보건용품,1105977600.0
2022-09,부산광역시,식품,550410000.0
2022-09,서울특별시,가정용품,1224720000.0
2022-09,서울특별시,교육및복지후생,2284200000.0
2022-09,서울특별시,그룹및기업광고,1087543600.0
2022-09,서울특별시,서비스,6703888800.0
2022-09,서울특별시,식품,2135210000.0
2022-09,서울특별시,유통,260668800.0
2022-09,서울특별시,화장품및보건용품,24915588750.0
2022-09,세종특별자치시,서비스,262938480.0
2022-09,울산광역시,유통,27498937320.0
2022-09,인천광역시,산업기기,257880000.0
2022-09,인천광역시,화장품및보건용품,1581434400.0
2022-09,전라남도,제약및의료,10496293000.0
2022-09,전라북도,식품,3597536000.0
2022-09,충청남도,수송기기,228124680.0
2022-10,경기도,가정용품,6142946400.0
2022-10,경기도,그룹및기업광고,7638079240.0
2022-10,경기도,화장품및보건용품,64550795010.0
2022-10,경상남도,산업기기,154938000.0
2022-10,경상남도,서비스,382203360.0
2022-10,경상남도,식품,38523194000.0
2022-10,경상북도,식품,350238000.0
2022-10,광주광역시,서비스,786959040.0
2022-10,대구광역시,가정용품,9768513600.0
2022-10,대구광역시,출판,2061819040.0
2022-10,대전광역시,교육및복지후생,1162266000.0
2022-10,대전광역시,서비스,1448496000.0
2022-10,대전광역시,정밀기기및사무기기,21077280.0
2022-10,대전광역시,화장품및보건용품,527217600.0
2022-10,부산광역시,식품,568757000.0
2022-10,서울특별시,가정용품,1265544000.0
2022-10,서울특별시,교육및복지후생,16899424500.0
2022-10,서울특별시,그룹및기업광고,1663999700.0
2022-10,서울특별시,산업기기,140095200.0
2022-10,서울특별시,서비스,9979374720.0
2022-10,서울특별시,식품,2190020000.0
2022-10,서울특별시,유통,255296160.0
2022-10,서울특별시,컴퓨터및정보통신,1110916000.0
2022-10,서울특별시,화장품및보건용품,19604054340.0
2022-10,세종특별자치시,서비스,310485000.0
2022-10,울산광역시,유통,1387656000.0
2022-10,인천광역시,산업기기,229325600.0
2022-10,전라남도,기초재,1071711550.0
2022-10,전라남도,식품,3125592000.0
2022-10,전라북도,식품,3575096000.0
2022-11,경기도,가정용품,17320924800.0
2022-11,경기도,그룹및기업광고,9093576580.0
2022-11,경기도,화장품및보건용품,68242692960.0
2022-11,경상남도,산업기기,149940000.0
2022-11,경상남도,서비스,999280800.0
2022-11,경상남도,식품,263450000.0
2022-11,경상북도,가정용품,9465759360.0
2022-11,경상북도,식품,121590000.0
2022-11,광주광역시,서비스,952644000.0
2022-11,광주광역시,화학공업,505772640.0
2022-11,대구광역시,가정용품,11834006400.0
2022-11,대구광역시,서비스,579650400.0
2022-11,대구광역시,출판,2441789400.0
2022-11,대전광역시,교육및복지후생,1700727000.0
2022-11,대전광역시,정밀기기및사무기기,22080960.0
2022-11,대전광역시,화장품및보건용품,1087140600.0
2022-11,부산광역시,컴퓨터및정보통신,322585200.0
2022-11,서울특별시,교육및복지후생,4017870000.0
2022-11,서울특별시,그룹및기업광고,1217394200.0
2022-11,서울특별시,서비스,6810720000.0
2022-11,서울특별시,식품,2502430000.0
2022-11,서울특별시,유통,184539600.0
2022-11,서울특별시,컴퓨터및정보통신,20679947160.0
2022-11,세종특별자치시,서비스,263319840.0
2022-11,울산광역시,그룹및기업광고,46384800.0
2022-11,울산광역시,유통,5328000.0
2022-11,인천광역시,산업기기,221928000.0
2022-11,인천광역시,정밀기기및사무기기,75612600.0
2022-11,전라남도,기초재,1507187500.0
2022-11,전라남도,식품,2599060000.0
2022-11,충청북도,서비스,8972678400.0
2022-12,경기도,가정용전기전자,2541081200.0
2022-12,경기도,가정용품,7981574400.0
2022-12,경기도,교육및복지후생,2234361000.0
2022-12,경기도,그룹및기업광고,1213534190.0
2022-12,경기도,화장품및보건용품,56005696500.0
2022-12,경상남도,산업기기,154938000.0
2022-12,경상남도,서비스,166239360.0
2022-12,경상북도,가정용품,3996000000.0
2022-12,경상북도,식품,162120000.0
2022-12,광주광역시,서비스,973568400.0
2022-12,광주광역시,화학공업,535548480.0
2022-12,대구광역시,가정용품,4132080000.0
2022-12,대구광역시,서비스,598213560.0
2022-12,대구광역시,출판,2531244880.0
2022-12,대전광역시,교육및복지후생,2140551000.0
2022-12,대전광역시,서비스,207558120.0
2022-12,대전광역시,정밀기기및사무기기,21077280.0
2022-12,대전광역시,화장품및보건용품,898388400.0
2022-12,부산광역시,식품,134974000.0
2022-12,부산광역시,컴퓨터및정보통신,79534840.0
2022-12,서울특별시,가정용품,3395901600.0
2022-12,서울특별시,교육및복지후생,2275920000.0
2022-12,서울특별시,그룹및기업광고,506957000.0
2022-12,서울특별시,서비스,4633020000.0
2022-12,서울특별시,식품,2500400000.0
2022-12,서울특별시,유통,190690920.0
2022-12,서울특별시,컴퓨터및정보통신,21170301620.0
2022-12,서울특별시,패션,5186042400.0
2022-12,서울특별시,화장품및보건용품,260691600.0
2022-12,세종특별자치시,서비스,266501760.0
2022-12,울산광역시,그룹및기업광고,47930960.0
2022-12,인천광역시,산업기기,181840400.0
2022-12,인천광역시,정밀기기및사무기기,148202600.0
2022-12,전라남도,기초재,1236522000.0
2022-12,충청남도,가정용품,10564935480.0
2023-01,경기도,가정용전기전자,3803046800.0
2023-01,경기도,가정용품,6695920800.0
2023-01,경기도,교육및복지후생,12932032050.0
2023-01,경기도,그룹및기업광고,1197568790.0
2023-01,경상남도,산업기기,154938000.0
2023-01,경상남도,서비스,166239360.0
2023-01,경상북도,가정용품,1382400000.0
2023-01,경상북도,식품,162120000.0
2023-01,광주광역시,서비스,692611920.0
2023-01,광주광역시,화학공업,173160000.0
2023-01,대구광역시,서비스,598972080.0
2023-01,대구광역시,출판,2744798360.0
2023-01,대전광역시,서비스,202598760.0
2023-01,부산광역시,서비스,66612000.0
2023-01,부산광역시,식품,976934000.0
2023-01,부산광역시,컴퓨터및정보통신,79534840.0
2023-01,서울특별시,교육및복지후생,2243880000.0
2023-01,서울특별시,그룹및기업광고,26056800.0
2023-01,서울특별시,산업기기,4806837600.0
2023-01,서울특별시,서비스,11718115080.0
2023-01,서울특별시,식품,2500400000.0
2023-01,서울특별시,유통,190690920.0
2023-01,서울특별시,컴퓨터및정보통신,22726588380.0
2023-01,서울특별시,패션,5428546200.0
2023-01,세종특별자치시,서비스,206677800.0
2023-01,울산광역시,그룹및기업광고,47930960.0
2023-01,울산광역시,화장품및보건용품,1440667800.0
2023-01,인천광역시,산업기기,217000000.0
2023-01,인천광역시,정밀기기및사무기기,494203600.0
2023-01,전라남도,기초재,987080850.0
2023-01,충청남도,가정용품,11752988400.0
2023-02,경기도,가정용전기전자,15761193000.0
2023-02,경기도,가정용품,5820540480.0
2023-02,경기도,교육및복지후생,12953434500.0
2023-02,경기도,그룹및기업광고,1066045640.0
2023-02,경기도,식품,9202820000.0
2023-02,경상남도,산업기기,139944000.0
2023-02,경상남도,서비스,150151680.0
2023-02,경상북도,가정용품,1512000000.0
2023-02,광주광역시,서비스,631196160.0
2023-02,대구광역시,서비스,541007040.0
2023-02,대구광역시,제약및의료,127948800.0
2023-02,대구광역시,출판,3046236960.0
2023-02,대전광역시,서비스,190031520.0
2023-02,부산광역시,서비스,141288000.0
2023-02,부산광역시,식품,760480000.0
2023-02,서울특별시,가정용품,1172424960.0
2023-02,서울특별시,교육및복지후생,21011403900.0
2023-02,서울특별시,산업기기,4244940800.0
2023-02,서울특별시,서비스,10915663920.0
2023-02,서울특별시,식품,1581720000.0
2023-02,서울특별시,유통,172236960.0
2023-02,서울특별시,컴퓨터및정보통신,2164246880.0
2023-02,세종특별자치시,서비스,193942560.0
2023-02,울산광역시,그룹및기업광고,43292480.0
2023-02,울산광역시,화장품및보건용품,1265534400.0
2023-02,인천광역시,산업기기,153036800.0
2023-02,인천광역시,정밀기기및사무기기,125283200.0
2023-02,전라남도,기초재,899033800.0
2023-02,충청남도,가정용품,9094905360.0
2023-03,경기도,가정용품,10992650400.0
2023-03,경기도,그룹및기업광고,8963246930.0
2023-03,경기도,수송기기,368342310.0
2023-03,경기도,식품,10724620000.0
2023-03,경기도,화장품및보건용품,64977276000.0
2023-03,경상남도,산업기기,154938000.0
2023-03,경상북도,가정용품,1506511440.0
2023-03,대구광역시,서비스,598972080.0
2023-03,대구광역시,제약및의료,141657600.0
2023-03,대구광역시,출판,3537732120.0
2023-03,대전광역시,"건설,건재및부동산",1260610660.0
2023-03,대전광역시,서비스,212517480.0
2023-03,부산광역시,산업기기,1369520000.0
2023-03,부산광역시,서비스,208320000.0
2023-03,부산광역시,식품,841960000.0
2023-03,서울특별시,가정용품,7677542880.0
2023-03,서울특별시,교육및복지후생,19218059400.0
2023-03,서울특별시,산업기기,4688218400.0
2023-03,서울특별시,서비스,5508109320.0
2023-03,서울특별시,식품,883260000.0
2023-03,서울특별시,유통,316776600.0
2023-03,서울특별시,컴퓨터및정보통신,2001306640.0
2023-03,울산광역시,그룹및기업광고,47930960.0
2023-03,울산광역시,화장품및보건용품,1413055800.0
2023-03,인천광역시,산업기기,227502800.0
2023-03,인천광역시,정밀기기및사무기기,156604000.0
2023-03,전라남도,기초재,1001724850.0
2023-04,경기도,가정용품,9525074400.0
2023-04,경기도,그룹및기업광고,8689732700.0
2023-04,경기도,수송기기,561390900.0
2023-04,경기도,식품,10196420000.0
2023-04,경기도,화장품및보건용품,97947876000.0
2023-04,경상남도,산업기기,149940000.0
2023-04,경상북도,가정용품,162086400.0
2023-04,대구광역시,서비스,579650400.0
2023-04,대구광역시,제약및의료,137088000.0
2023-04,대구광역시,출판,2827133900.0
2023-04,대전광역시,"건설,건재및부동산",332765780.0
2023-04,대전광역시,서비스,200062800.0
2023-04,부산광역시,산업기기,1854200000.0
2023-04,부산광역시,서비스,208740000.0
2023-04,서울특별시,가정용품,1506254400.0
2023-04,서울특별시,산업기기,4602373600.0
2023-04,서울특별시,서비스,379495200.0
2023-04,서울특별시,식품,830760000.0
2023-04,서울특별시,유통,306558000.0
2023-04,서울특별시,컴퓨터및정보통신,1947594800.0
2023-04,세종특별자치시,서비스,187566960.0
2023-04,인천광역시,산업기기,269976000.0
2023-04,인천광역시,정밀기기및사무기기,62424000.0
2023-04,전라남도,기초재,885927700.0
2023-04,제주특별자치도,산업기기,132200000.0
2023-05,경기도,가정용품,9789156000.0
2023-05,경기도,그룹및기업광고,11190567080.0
2023-05,경기도,수송기기,524282850.0
2023-05,경기도,식품,12083400000.0
2023-05,경기도,화장품및보건용품,1092000000.0
2023-05,경상남도,산업기기,154938000.0
2023-05,경상북도,가정용품,338572080.0
2023-05,경상북도,교육및복지후생,105071400.0
2023-05,광주광역시,제약및의료,2006646000.0
2023-05,대구광역시,서비스,598972080.0
2023-05,대구광역시,식품,40078797000.0
2023-05,대구광역시,출판,3055348230.0
2023-05,대전광역시,서비스,212517480.0
2023-05,부산광역시,산업기기,1911400000.0
2023-05,부산광역시,서비스,208740000.0
2023-05,서울특별시,가정용품,1556462880.0
2023-05,서울특별시,산업기기,4694849600.0
2023-05,서울특별시,서비스,554892240.0
2023-05,서울특별시,유통,316776600.0
2023-05,서울특별시,컴퓨터및정보통신,2040624240.0
2023-05,서울특별시,패션,231157080.0
2023-05,세종특별자치시,서비스,218363880.0
2023-05,인천광역시,산업기기,246164800.0
2023-05,전라남도,기초재,312416300.0
2023-05,제주특별자치도,산업기기,138688000.0
2023-06,경기도,가정용품,8948592000.0
2023-06,경기도,그룹및기업광고,1984466000.0
2023-06,경기도,수송기기,507370500.0
2023-06,경기도,식품,8753960000.0
2023-06,경상남도,산업기기,149940000.0
2023-06,경상북도,가정용전기전자,161758800.0
2023-06,경상북도,가정용품,327650400.0
2023-06,경상북도,교육및복지후생,101682000.0
2023-06,광주광역시,제약및의료,2095896000.0
2023-06,대구광역시,서비스,578809560.0
2023-06,대구광역시,출판,2947533900.0
2023-06,대전광역시,서비스,205022160.0
2023-06,부산광역시,산업기기,1845400000.0
2023-06,부산광역시,서비스,208320000.0
2023-06,서울특별시,가정용품,1256169600.0
2023-06,서울특별시,산업기기,4573668000.0
2023-06,서울특별시,서비스,4474570800.0
2023-06,서울특별시,유통,369079200.0
2023-06,서울특별시,컴퓨터및정보통신,1976194240.0
2023-06,서울특별시,패션,223700400.0
2023-06,서울특별시,화장품및보건용품,2049083400.0
2023-06,인천광역시,산업기기,244692000.0
2023-06,제주특별자치도,산업기기,133984000.0
2023-06,충청남도,음료및기호식품,6615000000.0
2023-07,경기도,가정용품,87549214320.0
2023-07,경기도,그룹및기업광고,1721117420.0
2023-07,경기도,수송기기,418402040.0
2023-07,경기도,식품,9124180000.0
2023-07,경상남도,산업기기,5247723600.0
2023-07,경상북도,가정용전기전자,167150760.0
2023-07,경상북도,가정용품,338572080.0
2023-07,경상북도,교육및복지후생,105071400.0
2023-07,광주광역시,교육및복지후생,1756906800.0
2023-07,대구광역시,서비스,598972080.0
2023-07,대구광역시,출판,3001168230.0
2023-07,대전광역시,서비스,207558120.0
2023-07,부산광역시,산업기기,1927160000.0
2023-07,부산광역시,서비스,208320000.0
2023-07,서울특별시,가정용품,1298041920.0
2023-07,서울특별시,"건설,건재및부동산",414935000.0
2023-07,서울특별시,그룹및기업광고,5801355835.0
2023-07,서울특별시,산업기기,4706642400.0
2023-07,서울특별시,서비스,4577244000.0
2023-07,서울특별시,식품,59622715500.0
2023-07,서울특별시,유통,381381840.0
2023-07,서울특별시,컴퓨터및정보통신,2063983600.0
2023-07,서울특별시,패션,231157080.0
2023-07,서울특별시,화장품및보건용품,213775380.0
2023-07,인천광역시,그룹및기업광고,55927410.0
2023-07,인천광역시,산업기기,252848400.0
2023-07,전라남도,기초재,249251100.0
2023-07,제주특별자치도,산업기기,136904000.0
2023-07,충청남도,서비스,152880000.0
2023-07,충청남도,음료및기호식품,6394500000.0
2023-08,경기도,가정용전기전자,259551530.0
2023-08,경기도,가정용품,241447815360.0
2023-08,경기도,그룹및기업광고,1414121610.0
2023-08,경기도,산업기기,877380000.0
2023-08,경기도,수송기기,3567557720.0
2023-08,경기도,식품,11089540000.0
2023-08,경상남도,산업기기,154938000.0
2023-08,경상북도,가정용품,338572080.0
2023-08,광주광역시,교육및복지후생,1614103800.0
2023-08,대구광역시,가정용품,1069090560.0
2023-08,대구광역시,서비스,598972080.0
2023-08,대구광역시,출판,3069796230.0
2023-08,대전광역시,"건설,건재및부동산",74361560.0
2023-08,대전광역시,서비스,212517480.0
2023-08,부산광역시,산업기기,1927160000.0
2023-08,서울특별시,가정용품,1158186960.0
2023-08,서울특별시,"건설,건재및부동산",852686000.0
2023-08,서울특별시,그룹및기업광고,4438905625.0
2023-08,서울특별시,산업기기,4695320800.0
2023-08,서울특별시,서비스,7183926120.0
2023-08,서울특별시,유통,381381840.0
2023-08,서울특별시,출판,305217010.0
2023-08,서울특별시,컴퓨터및정보통신,2067485600.0
2023-08,서울특별시,패션,231157080.0
2023-08,서울특별시,화장품및보건용품,213775380.0
2023-08,세종특별자치시,서비스,113695680.0
2023-08,인천광역시,그룹및기업광고,55927410.0
2023-08,인천광역시,산업기기,252848400.0
2023-08,전라남도,기초재,385123200.0
2023-08,제주특별자치도,산업기기,138688000.0
2023-08,충청남도,음료및기호식품,7276500000.0
2023-09,경기도,가정용전기전자,248342290.0
2023-09,경기도,가정용품,269870004000.0
2023-09,경기도,"건설,건재및부동산",2889041900.0
2023-09,경기도,그룹및기업광고,1359145480.0
2023-09,경기도,산업기기,842128000.0
2023-09,경기도,수송기기,3857691400.0
2023-09,경기도,식품,11646080000.0
2023-09,경상남도,산업기기,149940000.0
2023-09,경상북도,가정용품,343375200.0
2023-09,경상북도,교육및복지후생,101682000.0
2023-09,대구광역시,가정용품,2049327360.0
2023-09,대구광역시,서비스,579650400.0
2023-09,대구광역시,출판,2917433900.0
2023-09,대전광역시,서비스,202545840.0
2023-09,부산광역시,"건설,건재및부동산",103989500.0
2023-09,부산광역시,산업기기,1920560000.0
2023-09,서울특별시,가정용품,1116007200.0
2023-09,서울특별시,"건설,건재및부동산",467635000.0
2023-09,서울특별시,그룹및기업광고,161792400.0
2023-09,서울특별시,산업기기,4661233600.0
2023-09,서울특별시,서비스,3375015840.0
2023-09,서울특별시,유통,789040800.0
2023-09,서울특별시,출판,295371300.0
2023-09,서울특별시,컴퓨터및정보통신,1997013120.0
2023-09,서울특별시,패션,223700400.0
2023-09,세종특별자치시,서비스,140807520.0
2023-09,인천광역시,그룹및기업광고,52212930.0
2023-09,인천광역시,산업기기,244692000.0
2023-09,전라남도,기초재,360944500.0
2023-09,충청남도,음료및기호식품,5140800000.0
2023-10,경기도,가정용전기전자,450307550.0
2023-10,경기도,가정용품,225516372480.0
2023-10,경기도,"건설,건재및부동산",2867413200.0
2023-10,경기도,그룹및기업광고,2262924070.0
2023-10,경기도,산업기기,924784000.0
2023-10,경기도,수송기기,4067108360.0
2023-10,경기도,식품,11707460000.0
2023-10,경상남도,교육및복지후생,46546500.0
2023-10,경상남도,산업기기,154938000.0
2023-10,경상북도,가정용품,354821040.0
2023-10,경상북도,교육및복지후생,105071400.0
2023-10,대구광역시,가정용품,2137262400.0
2023-10,대구광역시,서비스,598972080.0
2023-10,대구광역시,출판,3026837510.0
2023-10,대전광역시,서비스,210037800.0
2023-10,부산광역시,"건설,건재및부동산",154965900.0
2023-10,부산광역시,산업기기,1944760000.0
2023-10,부산광역시,서비스,208740000.0
2023-10,서울특별시,가정용품,1154356560.0
2023-10,서울특별시,"건설,건재및부동산",173042000.0
2023-10,서울특별시,교육및복지후생,3835778400.0
2023-10,서울특별시,그룹및기업광고,85833000.0
2023-10,서울특별시,산업기기,4733755200.0
2023-10,서울특별시,서비스,2658720960.0
2023-10,서울특별시,유통,820591920.0
2023-10,서울특별시,출판,305217010.0
2023-10,서울특별시,컴퓨터및정보통신,2060769920.0
2023-10,서울특별시,패션,546181020.0
2023-10,인천광역시,그룹및기업광고,77052360.0
2023-10,인천광역시,산업기기,181412000.0
2023-10,전라남도,기초재,386977500.0
2023-11,경기도,가정용전기전자,153159790.0
2023-11,경기도,가정용품,29399489280.0
2023-11,경기도,"건설,건재및부동산",2941890700.0
2023-11,경기도,그룹및기업광고,3537284740.0
2023-11,경기도,식품,11176960000.0
2023-11,경상남도,교육및복지후생,45045000.0
2023-11,경상남도,산업기기,149940000.0
2023-11,경상북도,가정용품,343375200.0
2023-11,경상북도,교육및복지후생,101682000.0
2023-11,대구광역시,가정용품,1087524000.0
2023-11,대구광역시,출판,2995917500.0
2023-11,대전광역시,"건설,건재및부동산",199969220.0
2023-11,대전광역시,서비스,205022160.0
2023-11,서울특별시,가정용품,1044902880.0
2023-11,서울특별시,"건설,건재및부동산",161200000.0
2023-11,서울특별시,교육및복지후생,3731529600.0
2023-11,서울특별시,그룹및기업광고,179836800.0
2023-11,서울특별시,산업기기,4596939200.0
2023-11,서울특별시,출판,630315500.0
2023-11,서울특별시,컴퓨터및정보통신,1372920000.0
2023-11,서울특별시,패션,539352660.0
2023-11,울산광역시,그룹및기업광고,10478160.0
2023-11,인천광역시,그룹및기업광고,74566800.0
2023-11,인천광역시,산업기기,175560000.0
2023-11,전라남도,기초재,377244000.0
2023-12,경기도,가정용전기전자,161196280.0
2023-12,경기도,가정용품,31065837840.0
2023-12,경기도,"건설,건재및부동산",2236724400.0
2023-12,경기도,그룹및기업광고,10844317110.0
2023-12,경기도,산업기기,1077020000.0
2023-12,경기도,식품,11613880000.0
2023-12,경상남도,교육및복지후생,46546500.0
2023-12,경상남도,산업기기,154938000.0
2023-12,경상북도,가정용품,354821040.0
2023-12,경상북도,교육및복지후생,105071400.0
2023-12,경상북도,서비스,437895360.0
2023-12,대구광역시,출판,3018763830.0
2023-12,대전광역시,"건설,건재및부동산",254859990.0
2023-12,대전광역시,서비스,207558120.0
2023-12,부산광역시,제약및의료,423330600.0
2023-12,서울특별시,가정용품,1061509680.0
2023-12,서울특별시,"건설,건재및부동산",201500000.0
2023-12,서울특별시,교육및복지후생,3610962000.0
2023-12,서울특별시,그룹및기업광고,196301380.0
2023-12,서울특별시,산업기기,4736348000.0
2023-12,서울특별시,출판,648493750.0
2023-12,서울특별시,컴퓨터및정보통신,1418684000.0
2023-12,서울특별시,패션,330122100.0
2023-12,서울특별시,화장품및보건용품,80272859940.0
2023-12,울산광역시,그룹및기업광고,15467760.0
2023-12,인천광역시,그룹및기업광고,77052360.0
2023-12,인천광역시,산업기기,181412000.0
2023-12,전라남도,기초재,368165000.0
2023-12,전라북도,기초재,80257100.0
2023-12,충청남도,제약및의료,345695000.0
